t_ms,ax,ay,az,steps
2609,114,-72,-1014,0
2651,114,-71,-1015,0
2693,115,-70,-1013,0
2735,116,-70,-1015,0
2777,114,-71,-1014,0
2818,115,-72,-1013,0
2859,114,-70,-1013,0
2903,115,-70,-1012,0
2947,114,-71,-1014,0
2993,116,-70,-1014,0
3037,115,-72,-1014,0
3078,115,-71,-1014,0
3120,116,-71,-1014,0
3162,114,-71,-1012,0
3203,115,-70,-1014,0
3246,114,-72,-1013,0
3288,114,-71,-1014,0
3329,115,-71,-1014,0
3371,116,-70,-1015,0
3413,114,-71,-1014,0
3454,114,-71,-1014,0
3496,115,-71,-1014,0
3538,116,-71,-1013,0
3579,115,-70,-1013,0
3621,116,-71,-1014,0
3663,115,-72,-1014,0
3703,115,-71,-1014,0
3744,115,-71,-1014,0
3786,115,-71,-1014,0
3828,116,-71,-1014,0
3870,115,-70,-1014,0
3912,115,-72,-1012,0
3953,115,-72,-1013,0
3995,114,-71,-1013,0
4036,116,-72,-1013,0
4079,115,-70,-1014,0
4120,115,-71,-1013,0
4162,114,-71,-1012,0
4203,115,-71,-1013,0
4244,115,-70,-1013,0
4287,114,-71,-1012,0
4329,115,-72,-1013,0
4371,115,-71,-1014,0
4413,116,-70,-1013,0
4454,115,-71,-1014,0
4497,114,-71,-1014,0
4538,114,-71,-1013,0
4580,114,-70,-1013,0
4621,115,-70,-1014,0
4664,115,-72,-1014,0
4706,114,-71,-1014,0
4747,115,-71,-1014,0
4789,114,-72,-1014,0
4831,114,-71,-1014,0
4872,115,-71,-1014,0
4914,113,-70,-1014,0
4956,115,-69,-1013,0
4997,115,-72,-1014,0
5039,115,-71,-1013,0
5080,116,-70,-1013,0
5122,115,-72,-1014,0
5163,114,-71,-1014,0
5204,114,-70,-1014,0
5246,115,-71,-1012,0
5288,114,-72,-1014,0
5329,114,-70,-1014,0
5370,115,-72,-1013,0
5413,114,-72,-1015,0
5454,115,-70,-1013,0
5495,115,-70,-1013,0
5537,116,-69,-1015,0
5578,115,-72,-1013,0
5620,114,-72,-1014,0
5662,115,-70,-1014,0
5703,116,-72,-1012,0
5745,114,-71,-1012,0
5786,114,-71,-1013,0
5827,117,-70,-1014,0
5868,115,-72,-1015,0
5911,111,-73,-1011,0
5952,118,-70,-1012,0
5993,113,-70,-1013,0
6034,117,-71,-1014,0
6075,116,-73,-1013,0
6116,116,-71,-1012,0
6161,115,-68,-1015,0
6202,115,-73,-1012,0
6243,114,-73,-1012,0
6284,116,-67,-1015,0
6325,115,-71,-1013,0
6368,116,-72,-1013,0
6409,114,-70,-1015,0
6450,116,-71,-1013,0
6491,114,-70,-1013,0
6532,115,-72,-1014,0
6573,115,-71,-1014,0
6617,115,-70,-1014,0
6658,116,-70,-1015,0
6699,114,-72,-1013,0
6740,117,-71,-1014,0
6781,114,-70,-1015,0
6822,116,-73,-1012,0
6863,115,-70,-1013,0
6904,115,-70,-1014,0
6945,114,-73,-1012,0
6986,115,-68,-1015,0
7027,115,-72,-1012,0
7069,114,-74,-1012,0
7110,116,-69,-1015,0
7151,115,-69,-1015,0
7192,115,-72,-1013,0
7234,115,-72,-1013,0
7279,115,-69,-1014,0
7320,116,-72,-1012,0
7361,116,-69,-1015,0
7402,114,-72,-1015,0
7444,114,-71,-1012,0
7486,117,-70,-1016,0
7527,114,-70,-1014,0
7568,117,-71,-1012,0
7609,114,-71,-1012,0
7650,114,-71,-1014,0
7692,116,-71,-1013,0
7733,115,-73,-1012,0
7774,115,-69,-1014,0
7818,115,-69,-1015,0
7860,115,-73,-1012,0
7902,115,-69,-1014,0
7944,114,-71,-1013,0
7985,115,-72,-1012,0
8026,116,-69,-1015,0
8067,115,-72,-1014,0
8108,116,-72,-1013,0
8150,115,-70,-1014,0
8195,115,-72,-1012,0
8238,114,-71,-1013,0
8279,114,-71,-1014,0
8320,116,-71,-1011,0
8365,115,-71,-1014,0
8406,116,-71,-1014,0
8447,115,-72,-1013,0
8488,115,-70,-1013,0
8529,114,-71,-1013,0
8571,114,-72,-1014,0
8612,116,-72,-1013,0
8653,114,-71,-1013,0
8694,115,-70,-1013,0
8735,114,-70,-1013,0
8776,115,-70,-1014,0
8821,115,-71,-1014,0
8864,114,-71,-1013,0
8905,114,-70,-1013,0
8946,115,-71,-1013,0
8987,115,-70,-1013,0
9028,115,-71,-1013,0
9070,114,-71,-1013,0
9111,114,-71,-1014,0
9152,115,-71,-1013,0
9193,114,-71,-1014,0
9234,114,-72,-1012,0
9279,114,-71,-1013,0
9320,116,-71,-1013,0
9361,114,-71,-1014,0
9402,114,-72,-1013,0
9443,114,-71,-1013,0
9485,115,-71,-1014,0
9526,115,-70,-1014,0
9567,115,-71,-1013,0
9608,115,-71,-1013,0
9649,116,-70,-1013,0
9691,114,-73,-1012,0
9732,116,-69,-1017,0
9773,116,-68,-1015,0
9814,115,-75,-1012,0
9855,116,-69,-1014,0
9897,117,-70,-1014,0
9939,114,-72,-1014,0
9980,113,-69,-1015,0
10021,114,-73,-1012,0
10062,116,-69,-1015,0
10103,117,-68,-1016,0
10146,116,-74,-1012,0
10187,114,-73,-1011,0
10228,114,-70,-1014,0
10269,113,-72,-1011,0
10312,113,-72,-1012,0
10354,119,-68,-1014,0
10395,113,-68,-1014,0
10436,114,-73,-1011,0
10477,119,-79,-1012,0
10519,118,-73,-1015,0
10560,113,-72,-1012,0
10601,118,-77,-1012,0
10642,116,-69,-1015,0
10683,116,-75,-1010,0
10724,114,-76,-1012,0
10765,117,-67,-1016,0
10810,115,-74,-1013,0
10851,117,-74,-1011,0
10892,116,-69,-1014,0
10933,120,-73,-1014,0
10974,118,-73,-1013,0
11015,120,-71,-1015,0
11057,118,-76,-1012,0
11098,119,-74,-1012,0
11139,119,-70,-1016,0
11180,118,-76,-1011,0
11222,118,-74,-1014,0
11263,117,-71,-1014,0
11304,118,-74,-1012,0
11345,119,-75,-1012,0
11386,118,-71,-1014,0
11428,118,-74,-1013,0
11469,118,-73,-1013,0
11510,118,-73,-1014,0
11551,118,-74,-1013,0
11592,117,-73,-1014,0
11634,117,-73,-1011,0
11675,118,-73,-1013,0
11716,117,-73,-1013,0
11757,119,-72,-1013,0
11798,118,-74,-1011,0
11839,119,-75,-1013,0
11880,118,-74,-1013,0
11921,118,-73,-1013,0
11962,118,-73,-1013,0
12003,117,-72,-1013,0
12045,118,-74,-1012,0
12086,118,-73,-1013,0
12127,119,-74,-1013,0
12168,118,-73,-1013,0
12209,118,-72,-1013,0
12250,118,-73,-1012,0
12295,118,-73,-1013,0
12336,119,-72,-1012,0
12377,118,-73,-1013,0
12418,117,-74,-1013,0
12459,118,-73,-1012,0
12501,118,-73,-1014,0
12542,118,-74,-1013,0
12583,118,-72,-1014,0
12624,118,-73,-1013,0
12665,118,-74,-1012,0
12707,120,-74,-1014,0
12748,118,-72,-1014,0
12789,117,-72,-1013,0
12830,117,-73,-1011,0
12871,118,-73,-1012,0
12913,118,-73,-1012,0
12955,118,-73,-1013,0
12999,118,-72,-1013,0
13040,118,-72,-1013,0
13081,117,-72,-1012,0
13123,118,-75,-1014,0
13164,118,-73,-1013,0
13205,118,-72,-1013,0
13246,118,-74,-1013,0
13287,118,-72,-1013,0
13329,118,-73,-1013,0
13370,117,-73,-1012,0
13411,118,-72,-1012,0
13452,117,-75,-1011,0
13493,117,-72,-1012,0
13534,119,-73,-1013,0
13575,117,-72,-1013,0
13616,119,-73,-1012,0
13657,117,-73,-1013,0
13698,117,-73,-1012,0
13739,118,-73,-1013,0
13780,118,-73,-1013,0
13822,118,-74,-1012,0
13863,118,-73,-1012,0
13904,118,-74,-1013,0
13945,117,-73,-1013,0
13986,116,-74,-1012,0
14031,118,-73,-1013,0
14072,118,-73,-1012,0
14113,118,-73,-1013,0
14154,118,-72,-1013,0
14195,118,-72,-1012,0
14237,117,-72,-1012,0
14278,118,-74,-1012,0
14319,116,-73,-1014,0
14360,118,-74,-1013,0
14401,118,-73,-1012,0
14443,119,-72,-1013,0
14485,118,-74,-1012,0
14526,118,-72,-1012,0
14567,118,-72,-1013,0
14608,117,-73,-1012,0
14649,118,-73,-1013,0
14691,118,-72,-1013,0
14732,117,-74,-1013,0
14773,117,-72,-1013,0
14814,116,-73,-1014,0
14855,116,-73,-1012,0
14896,117,-73,-1014,0
14941,117,-72,-1012,0
14982,118,-72,-1012,0
15023,118,-72,-1014,0
15064,118,-73,-1014,0
15105,118,-73,-1014,0
15147,118,-74,-1012,0
15188,118,-73,-1013,0
15229,118,-74,-1013,0
15270,118,-73,-1013,0
15311,116,-73,-1013,0
15352,119,-73,-1013,0
15394,117,-76,-1012,0
15435,118,-74,-1013,0
15477,116,-74,-1012,0
15518,119,-73,-1013,0
15559,118,-72,-1013,0
15600,117,-74,-1012,0
15645,118,-72,-1012,0
15688,118,-72,-1014,0
15729,119,-76,-1012,0
15770,118,-72,-1012,0
15812,119,-72,-1014,0
15856,118,-74,-1011,0
15897,118,-72,-1013,0
15938,118,-73,-1012,0
15979,118,-74,-1012,0
16020,119,-73,-1013,0
16062,119,-73,-1012,0
16103,118,-73,-1012,0
16144,118,-74,-1013,0
16185,118,-74,-1013,0
16226,118,-73,-1013,0
16267,118,-73,-1013,0
16309,117,-74,-1013,0
16350,118,-73,-1012,0
16391,118,-72,-1013,0
16432,118,-73,-1012,0
16473,119,-72,-1014,0
16514,118,-75,-1013,0
16559,118,-73,-1013,0
16600,118,-73,-1013,0
16641,118,-74,-1013,0
16682,119,-73,-1014,0
16723,119,-73,-1013,0
16768,118,-73,-1012,0
16809,118,-73,-1012,0
16850,120,-73,-1012,0
16891,119,-73,-1013,0
16932,117,-73,-1014,0
16977,117,-73,-1012,0
17018,118,-72,-1013,0
17059,117,-74,-1013,0
17100,118,-73,-1012,0
17141,118,-73,-1013,0
17183,117,-73,-1013,0
17224,118,-73,-1013,0
17265,118,-75,-1011,0
17306,118,-72,-1013,0
17347,118,-73,-1013,0
17389,118,-73,-1012,0
17434,118,-72,-1014,0
17475,119,-73,-1013,0
17516,118,-73,-1013,0
17557,118,-73,-1013,0
17598,119,-74,-1013,0
17640,118,-72,-1013,0
17681,118,-73,-1013,0
17722,118,-73,-1013,0
17763,119,-73,-1012,0
17804,118,-72,-1013,0
17845,118,-74,-1012,0
17887,119,-73,-1013,0
17928,118,-72,-1013,0
17969,118,-73,-1012,0
18010,119,-73,-1013,0
18051,118,-73,-1012,0
18093,118,-73,-1013,0
18134,117,-73,-1012,0
18178,117,-74,-1014,0
18219,118,-71,-1012,0
18260,117,-73,-1013,0
18302,120,-73,-1015,0
18345,118,-72,-1014,0
18386,118,-75,-1012,0
18427,118,-73,-1013,0
18468,118,-73,-1011,0
18509,119,-74,-1011,0
18551,119,-72,-1014,0
18593,118,-74,-1012,0
18634,119,-73,-1012,0
18675,118,-70,-1013,0
18716,117,-74,-1011,0
18758,119,-73,-1012,0
18801,119,-70,-1015,0
18842,118,-74,-1013,0
18883,118,-72,-1014,0
18924,118,-72,-1014,0
18965,118,-74,-1013,0
19007,118,-72,-1014,0
19048,117,-73,-1014,0
19089,119,-73,-1014,0
19130,118,-72,-1014,0
19171,118,-74,-1012,0
19213,118,-74,-1013,0
19254,117,-72,-1015,0
19295,119,-73,-1012,0
19336,117,-73,-1013,0
19377,119,-72,-1013,0
19420,118,-74,-1013,0
19461,118,-73,-1012,0
19502,118,-73,-1013,0
19543,118,-72,-1012,0
19584,117,-73,-1011,0
19625,118,-72,-1013,0
19667,119,-74,-1013,0
19709,117,-71,-1013,0
19750,118,-72,-1014,0
19791,117,-74,-1013,0
19832,118,-73,-1013,0
19874,118,-72,-1013,0
19915,117,-74,-1012,0
19956,118,-72,-1012,0
19997,118,-74,-1012,0
20038,117,-72,-1013,0
20079,117,-72,-1013,0
20120,118,-73,-1013,0
20165,118,-71,-1013,0
20206,118,-74,-1012,0
20247,118,-73,-1013,0
20288,118,-73,-1013,0
20330,118,-74,-1011,0
20375,118,-73,-1014,0
20416,118,-72,-1013,0
20457,118,-74,-1012,0
20498,119,-73,-1013,0
20539,118,-73,-1012,0
20581,118,-74,-1013,0
20622,119,-74,-1012,0
20663,118,-72,-1013,0
20704,118,-73,-1012,0
20745,118,-73,-1013,0
20790,118,-73,-1014,0
20831,118,-73,-1013,0
20872,118,-72,-1013,0
20913,116,-72,-1013,0
20954,118,-73,-1013,0
20996,118,-73,-1013,0
21037,119,-74,-1013,0
21078,118,-74,-1012,0
21119,117,-73,-1013,0
21160,118,-73,-1012,0
21202,118,-73,-1014,0
21243,118,-72,-1013,0
21284,118,-73,-1012,0
21325,119,-73,-1013,0
21366,118,-73,-1013,0
21408,118,-72,-1012,0
21450,118,-73,-1013,0
21491,118,-72,-1014,0
21532,118,-73,-1013,0
21573,118,-73,-1013,0
21614,119,-73,-1013,0
21655,119,-73,-1014,0
21701,118,-72,-1012,0
21742,119,-74,-1014,0
21783,118,-72,-1013,0
21824,118,-74,-1013,0
21866,119,-73,-1012,0
21911,119,-73,-1013,0
21952,119,-73,-1014,0
21993,118,-72,-1014,0
22034,117,-74,-1013,0
22075,118,-73,-1013,0
22116,118,-72,-1013,0
22158,118,-74,-1014,0
22199,119,-73,-1014,0
22240,119,-74,-1014,0
22281,118,-73,-1013,0
22326,117,-72,-1012,0
22368,117,-73,-1013,0
22408,119,-73,-1013,0
22449,118,-73,-1014,0
22490,117,-73,-1014,0
22532,118,-74,-1013,0
22573,119,-73,-1013,0
22614,118,-72,-1013,0
22655,118,-73,-1013,0
22696,118,-72,-1013,0
22738,118,-73,-1013,0
22783,117,-73,-1013,0
22825,118,-73,-1014,0
22866,117,-74,-1012,0
22907,117,-74,-1013,0
22949,117,-72,-1012,0
22994,118,-73,-1013,0
23035,118,-73,-1013,0
23076,117,-72,-1013,0
23117,118,-73,-1013,0
23160,117,-72,-1013,0
23202,117,-73,-1013,0
23243,117,-72,-1014,0
23284,118,-73,-1011,0
23325,118,-73,-1013,0
23369,118,-72,-1014,0
23411,117,-73,-1013,0
23453,118,-73,-1014,0
23495,118,-74,-1013,0
23535,117,-74,-1013,0
23576,119,-72,-1014,0
23618,118,-73,-1013,0
23660,117,-73,-1013,0
23701,118,-72,-1013,0
23742,118,-74,-1013,0
23783,118,-72,-1013,0
23824,118,-73,-1013,0
23867,118,-72,-1012,0
23908,118,-73,-1012,0
23949,118,-72,-1012,0
23990,118,-73,-1012,0
24031,118,-72,-1013,0
24073,117,-73,-1014,0
24114,117,-72,-1013,0
24155,118,-72,-1012,0
24196,116,-72,-1013,0
24237,118,-74,-1012,0
24278,118,-73,-1013,0
24319,119,-73,-1013,0
24360,117,-72,-1013,0
24401,118,-74,-1013,0
24442,117,-72,-1013,0
24483,118,-73,-1013,0
24528,118,-73,-1012,0
24569,117,-72,-1012,0
24610,117,-73,-1013,0
24651,117,-72,-1014,0
24692,117,-72,-1013,0
24734,118,-73,-1012,0
24775,116,-72,-1013,0
24816,118,-73,-1012,0
24857,116,-72,-1012,0
24898,117,-71,-1014,0
24939,116,-73,-1012,0
24981,116,-72,-1013,0
25022,117,-71,-1013,0
25063,117,-71,-1014,0
25104,116,-74,-1011,0
25145,118,-72,-1014,0
25187,117,-70,-1014,0
25228,116,-72,-1012,0
25269,115,-73,-1013,0
25310,111,-69,-1014,0
25351,110,-67,-1015,0
25392,100,-59,-1015,0
25433,66,-22,-1014,0
25474,99,-47,-1022,0
25515,98,-51,-1018,0
25556,96,-62,-1012,0
25597,99,-50,-1019,0
25639,96,-54,-1018,0
25680,96,-60,-1013,0
25721,98,-53,-1018,0
25762,98,-54,-1017,0
25804,96,-58,-1014,0
25845,97,-52,-1017,0
25890,96,-55,-1017,0
25931,97,-56,-1016,0
25972,98,-53,-1016,0
26013,97,-56,-1015,0
26054,97,-56,-1015,0
26099,95,-52,-1018,0
26140,97,-56,-1016,0
26181,97,-54,-1016,0
26222,96,-55,-1015,0
26263,97,-56,-1015,0
26305,96,-53,-1017,0
26346,96,-55,-1016,0
26387,96,-57,-1016,0
26428,97,-54,-1016,0
26469,96,-55,-1015,0
26510,96,-54,-1016,0
26555,96,-54,-1017,0
26596,97,-55,-1015,0
26637,97,-55,-1016,0
26678,97,-54,-1016,0
26719,95,-55,-1016,0
26763,97,-56,-1015,0
26804,96,-54,-1016,0
26845,97,-54,-1017,0
26886,97,-56,-1016,0
26927,96,-54,-1016,0
26969,97,-55,-1017,0
27010,96,-55,-1016,0
27051,97,-55,-1017,0
27092,96,-54,-1017,0
27133,98,-55,-1016,0
27174,96,-56,-1017,0
27219,96,-53,-1015,0
27260,96,-57,-1015,0
27301,96,-53,-1016,0
27342,96,-54,-1017,0
27383,96,-56,-1015,0
27425,96,-53,-1018,0
27466,97,-56,-1015,0
27507,96,-53,-1017,0
27548,96,-53,-1017,0
27589,96,-55,-1015,0
27631,97,-55,-1016,0
27672,95,-55,-1017,0
27713,97,-54,-1017,0
27754,96,-55,-1017,0
27795,96,-55,-1016,0
27836,97,-55,-1016,0
27881,96,-54,-1016,0
27924,97,-54,-1016,0
27965,96,-55,-1015,0
28006,97,-54,-1016,0
28047,96,-55,-1016,0
28089,96,-57,-1016,0
28130,96,-53,-1017,0
28171,97,-54,-1016,0
28212,97,-55,-1015,0
28253,96,-53,-1017,0
28294,97,-55,-1017,0
28337,97,-54,-1015,0
28378,96,-54,-1017,0
28419,95,-55,-1016,0
28460,95,-55,-1016,0
28501,98,-54,-1017,0
28549,95,-55,-1016,0
28590,96,-54,-1016,0
28631,96,-54,-1015,0
28672,95,-55,-1016,0
28713,97,-54,-1017,0
28754,96,-55,-1015,0
28795,95,-54,-1015,0
28836,96,-54,-1017,0
28877,96,-56,-1016,0
28918,96,-54,-1015,0
28959,96,-55,-1017,0
29001,95,-56,-1015,0
29042,96,-54,-1016,0
29083,96,-55,-1016,0
29124,96,-53,-1016,0
29165,95,-54,-1016,0
29206,97,-55,-1016,0
29251,96,-54,-1016,0
29292,96,-55,-1017,0
29333,96,-56,-1015,0
29374,96,-53,-1017,0
29415,97,-54,-1015,0
29461,97,-55,-1015,0
29502,96,-54,-1018,0
29543,96,-54,-1016,0
29584,96,-54,-1016,0
29625,96,-54,-1016,0
29670,97,-55,-1015,0
29711,96,-53,-1018,0
29752,96,-56,-1017,0
29793,96,-55,-1016,0
29835,95,-54,-1016,0
29875,95,-56,-1016,0
29916,96,-54,-1016,0
29957,95,-53,-1017,0
29998,97,-54,-1017,0
30039,95,-56,-1016,0
30081,96,-55,-1016,0
30123,95,-52,-1017,0
30164,96,-55,-1015,0
30205,96,-54,-1016,0
30246,95,-54,-1017,0
30288,96,-56,-1015,0
30333,96,-54,-1015,0
30374,96,-54,-1017,0
30415,96,-55,-1016,0
30456,96,-53,-1017,0
30497,97,-55,-1015,0
30542,96,-54,-1016,0
30584,95,-53,-1017,0
30625,97,-54,-1015,0
30666,95,-53,-1016,0
30707,96,-55,-1017,0
30749,95,-54,-1017,0
30790,96,-53,-1017,0
30831,94,-55,-1016,0
30872,96,-53,-1016,0
30913,96,-52,-1017,0
30954,94,-57,-1013,0
30999,91,-52,-1016,0
31043,94,-50,-1019,0
31083,92,-52,-1015,0
31124,90,-51,-1017,0
31165,93,-57,-1017,0
31210,88,-51,-1015,0
31252,93,-52,-1016,0
31293,90,-50,-1016,0
31334,92,-51,-1018,0
31375,91,-53,-1017,0
31417,94,-49,-1019,0
31458,93,-49,-1018,0
31499,91,-54,-1014,0
31540,94,-50,-1017,0
31581,92,-51,-1016,0
31622,92,-53,-1015,0
31667,92,-52,-1017,0
31708,92,-50,-1017,0
31749,94,-53,-1015,0
31790,92,-53,-1017,0
31831,93,-51,-1018,0
31873,93,-54,-1015,0
31914,93,-52,-1018,0
31955,163,-65,-1013,0
31996,-5,-51,-1014,0
32037,92,-49,-1018,0
32078,93,-52,-1016,0
32123,91,-54,-1014,0
32164,93,-49,-1019,0
32205,92,-48,-1018,0
32246,92,-52,-1015,0
32287,90,-50,-1017,0
32329,91,-49,-1017,0
32370,90,-53,-1015,0
32411,92,-50,-1017,0
32452,92,-49,-1017,0
32493,91,-52,-1015,0
32535,91,-51,-1017,0
32576,90,-49,-1017,0
32617,91,-52,-1017,0
32721,91,-51,-1015,0
32827,90,-50,-1017,0
32929,92,-50,-1018,0
33031,90,-50,-1017,0
33133,91,-50,-1017,0
33235,92,-50,-1016,0
33337,92,-51,-1017,0
33439,91,-51,-1016,0
33541,91,-51,-1016,0
33643,91,-50,-1017,0
33745,90,-50,-1017,0
33847,91,-50,-1017,0
33949,91,-50,-1017,0
34050,92,-49,-1017,0
34152,91,-50,-1016,0
34254,90,-50,-1016,0
34356,91,-50,-1017,0
34457,91,-50,-1018,0
34559,91,-50,-1016,0
34660,92,-49,-1016,0
34762,91,-49,-1016,0
34863,91,-49,-1016,0
34965,91,-50,-1017,0
35066,92,-50,-1018,0
35168,91,-50,-1016,0
35269,91,-51,-1015,0
35375,91,-50,-1017,0
35477,90,-50,-1016,0
35579,90,-50,-1016,0
35681,92,-49,-1017,0
35783,91,-49,-1018,0
35884,90,-50,-1017,0
35986,91,-51,-1016,0
36087,91,-51,-1017,0
36189,90,-50,-1017,0
36291,91,-49,-1016,0
36393,91,-49,-1017,0
36495,92,-50,-1017,0
36597,90,-50,-1016,0
36699,92,-50,-1017,0
36801,91,-50,-1016,0
36903,90,-50,-1016,0
37005,92,-50,-1017,0
37107,91,-50,-1016,0
37209,92,-49,-1017,0
37311,92,-50,-1017,0
37413,90,-50,-1017,0
37514,90,-51,-1017,0
37616,91,-50,-1017,0
37718,92,-51,-1017,0
37820,91,-51,-1016,0
37921,91,-50,-1016,0
38023,91,-52,-1016,0
38125,92,-50,-1017,0
38227,90,-51,-1016,0
38329,91,-51,-1017,0
38431,90,-52,-1014,0
38533,90,-51,-1017,0
38635,91,-50,-1017,0
38737,91,-50,-1017,0
38838,91,-50,-1017,0
38941,91,-50,-1016,0
39043,90,-51,-1017,0
39145,91,-50,-1017,0
39247,90,-50,-1016,0
39349,91,-49,-1018,0
39451,90,-51,-1016,0
39553,91,-49,-1017,0
39655,91,-50,-1017,0
39757,90,-50,-1016,0
39859,90,-50,-1016,0
39961,91,-51,-1016,0
40063,91,-52,-1015,0
40165,92,-50,-1017,0
40267,91,-49,-1016,0
40369,91,-50,-1017,0
40471,89,-49,-1017,0
40572,88,-46,-1018,0
40674,87,-47,-1018,0
40776,87,-48,-1017,0
40878,84,-49,-1016,0
40980,86,-41,-1020,0
41082,83,-44,-1019,0
41184,83,-41,-1018,0
41285,96,-54,-1016,0
41387,121,-47,-1014,0
41488,96,-42,-1023,0
41590,47,-12,-1018,0
41691,83,-57,-1016,0
41793,75,-38,-1015,0
41894,-1,5,-1021,0
41997,48,-33,-1017,0
42098,41,-20,-1018,0
42200,56,-15,-1023,0
42302,41,0,-1014,0
42404,29,1,-1019,0
42506,22,22,-1023,0
42608,26,-7,-1022,0
42710,42,-10,-1018,0
42812,36,-16,-1019,0
42914,25,-1,-1020,0
43016,24,4,-1022,0
43118,25,1,-1022,0
43220,18,4,-1020,0
43321,9,3,-1023,0
43423,19,6,-1022,0
43524,42,-26,-1027,0
43626,19,-24,-1018,0
43728,37,2,-1023,0
43829,62,-36,-1042,0
43930,81,-19,-1017,0
44036,87,-19,-1023,0
44134,68,-47,-1022,0
44234,83,-30,-1013,0
44331,67,-23,-1016,0
44429,64,0,-994,0
44525,76,-19,-1019,0
44623,99,-35,-1027,0
44719,102,-3,-1014,0
44818,106,0,-1031,0
44915,123,10,-1063,0
45012,141,-5,-1118,0
45111,-37,67,-1010,0
45208,274,53,-968,0
45307,502,-14,-876,0
45407,610,49,-740,0
45504,657,86,-692,0
45604,725,89,-702,0
45700,794,82,-650,0
45798,823,0,-560,0
45896,797,-49,-622,0
45994,749,-55,-468,0
46094,846,-151,-622,0
46135,728,-95,-566,0
46176,735,-67,-789,0
46217,727,-68,-698,0
46258,725,-70,-732,0
46299,720,-89,-719,0
46340,693,-83,-743,0
46381,714,-104,-781,0
46422,693,-95,-755,0
46463,705,-105,-797,0
46504,708,-94,-804,0
46545,764,-112,-705,0
46586,717,-108,-760,0
46627,747,-73,-763,0
46668,761,-35,-721,0
46709,698,-3,-703,0
46750,686,36,-657,0
46791,634,39,-534,0
46832,522,247,-562,0
46876,556,271,-672,0
46917,553,406,-526,0
46958,563,476,-659,0
47000,571,460,-858,0
47041,522,661,-739,0
47082,515,650,-712,0
47123,574,689,-739,0
47164,452,627,-754,0
47206,499,625,-796,0
47247,502,549,-784,0
47288,442,596,-702,0
47329,469,541,-604,0
47370,359,478,-571,0
47412,362,635,-530,0
47453,397,473,-706,0
47494,303,602,-695,0
47535,223,656,-656,0
47576,298,657,-652,0
47617,166,935,-463,0
47658,132,855,-393,0
47700,33,827,-260,0
47741,-61,851,-113,0
47782,-58,772,-188,0
47823,-80,859,-294,0
47864,-239,945,-197,0
47906,-450,1082,-356,0
47947,-357,927,-186,1
47988,-377,761,33,1
48029,-637,689,-119,1
48070,-726,727,-467,1
48111,-887,640,-543,1
48152,-1228,755,-280,1
48193,-1374,667,-203,1
48234,-1297,728,-141,1
48275,-1385,546,-42,1
48317,-1122,500,-38,1
48358,-1189,489,-8,1
48399,-1093,564,37,1
48440,-1054,426,-136,1
48481,-883,468,-761,1
48523,-741,462,-277,1
48564,-649,287,-369,1
48605,-892,324,-252,1
48646,-805,476,-260,1
48687,-720,440,-138,1
48729,-568,439,-216,1
48770,-683,440,-307,1
48811,-640,405,-263,1
48852,-801,291,-86,1
48893,-765,371,-89,1
48934,-782,328,-139,1
48975,-862,347,-30,1
49016,-923,348,-50,1
49057,-964,396,-128,1
49098,-997,397,-73,1
49140,-955,306,-64,1
49181,-992,224,-132,1
49222,-1258,33,-205,1
49263,-1131,-164,-164,2
49304,-946,37,-107,2
49345,-866,254,-297,2
49386,-821,243,-411,2
49427,-875,196,-284,2
49468,-955,163,-56,2
49509,-932,193,9,2
49550,-889,188,-21,2
49591,-895,258,-37,2
49632,-872,386,-104,2
49673,-849,390,-96,2
49714,-809,454,-119,2
49755,-786,465,-202,2
49796,-841,450,-194,2
49837,-1001,508,-219,2
49879,-1118,511,-202,2
49920,-1349,422,-253,3
49961,-1373,350,-307,3
50002,-1011,415,-189,3
50043,-1004,219,-119,3
50084,-1122,134,-39,3
50125,-1181,151,-47,3
50166,-1119,134,-82,3
50207,-998,231,-6,3
50248,-924,191,-25,3
50289,-855,107,-52,3
50331,-843,129,-53,3
50372,-814,171,-108,3
50413,-821,176,-115,3
50454,-826,183,-87,3
50495,-849,164,-116,3
50536,-893,117,-152,3
50578,-942,152,-275,3
50619,-1186,172,-327,3
50660,-1180,289,-141,4
50701,-935,481,-155,4
50742,-956,375,-329,4
50783,-1010,277,-193,4
50824,-961,180,-88,4
50865,-912,134,-44,4
50906,-868,174,-2,4
50947,-860,184,-28,4
50989,-857,222,-71,4
51030,-891,309,-123,4
51071,-897,378,-177,4
51112,-878,372,-217,4
51153,-909,379,-273,4
51194,-977,375,-287,4
51235,-1078,389,-213,4
51276,-1146,341,-229,4
51317,-1289,267,-237,5
51358,-1156,350,-201,5
51400,-1032,286,-122,5
51442,-1035,171,-82,5
51483,-1057,158,-16,5
51524,-1098,169,-53,5
51565,-1085,209,-57,5
51606,-1025,243,40,5
51648,-964,194,18,5
51689,-925,177,-14,5
51731,-876,89,-15,5
51772,-844,57,-43,5
51813,-828,99,-73,5
51855,-875,104,-51,5
51897,-878,123,-65,5
51938,-904,151,-152,5
51979,-952,182,-256,5
52023,-1166,220,-341,5
52064,-1174,267,-177,6
52106,-915,443,-234,6
52147,-803,432,-353,6
52188,-887,391,-223,6
52230,-973,332,-134,6
52271,-987,192,-92,6
52313,-898,193,-71,6
52354,-810,137,-63,6
52395,-819,190,-170,6
52436,-886,240,-188,6
52477,-965,328,-207,6
52518,-947,382,-283,6
52559,-936,381,-317,6
52600,-955,332,-254,6
52641,-1001,323,-209,6
52682,-1035,349,-176,6
52723,-1063,337,-106,6
52764,-1160,225,-70,6
52805,-1202,227,34,7
52846,-1073,169,139,7
52887,-1037,54,145,7
52928,-1000,30,166,7
52969,-994,13,201,7
53011,-967,-9,213,7
53052,-956,-10,209,7
53093,-962,9,214,7
53134,-973,68,204,7
53175,-980,97,176,7
53217,-997,185,150,7
53258,-1085,492,281,7
53299,-1088,831,198,8
53340,-1191,780,521,8
53381,-1186,428,538,8
53422,-1135,238,200,8
53464,-1121,97,70,8
53505,-1030,11,126,8
53546,-971,12,25,8
53587,-978,-47,-165,8
53628,-940,-61,-102,8
53670,-787,15,-104,8
53711,-847,56,-254,8
53752,-984,139,-199,8
53793,-1068,202,-188,8
53834,-1019,181,-191,8
53875,-854,199,-213,8
53916,-799,178,-256,8
53957,-870,333,-267,8
53998,-919,662,-362,8
54039,-1006,321,-191,9
54081,-1030,386,-69,9
54123,-886,386,-221,9
54164,-822,294,-300,9
54205,-891,259,-220,9
54246,-997,305,-311,9
54287,-1074,292,-232,9
54328,-1031,260,-215,9
54370,-1199,241,-350,9
54411,-1293,219,-397,10
54452,-984,407,-187,10
54493,-864,206,-59,10
54534,-843,42,-122,10
54575,-1023,30,-63,10
54616,-1049,140,-81,10
54658,-979,286,-65,10
54699,-973,264,-93,10
54740,-943,187,-76,10
54781,-901,134,-41,10
54823,-850,97,-31,10
54864,-815,57,-126,10
54905,-894,25,-178,10
54946,-1031,-10,-165,10
54987,-1075,-8,-260,10
55029,-1368,-10,-330,10
55070,-1098,151,-190,11
55111,-930,285,-345,11
55152,-892,298,-443,11
55193,-908,242,-322,11
55235,-837,79,-264,11
55276,-789,70,-136,11
55317,-751,113,-107,11
55358,-731,206,-172,11
55399,-747,190,-122,11
55440,-834,444,-194,11
55481,-837,449,-208,11
55523,-900,504,-334,11
55564,-1049,544,-281,11
55605,-1166,397,-304,12
55647,-1393,348,-178,12
55688,-1254,385,-300,12
55730,-946,165,-340,12
55771,-938,284,-145,12
55812,-985,173,-80,12
55854,-977,214,-164,12
55895,-945,334,-103,12
55936,-890,326,-71,12
55977,-873,289,-83,12
56018,-852,236,-57,12
56060,-843,179,-42,12
56101,-842,142,-108,12
56142,-879,99,-95,12
56183,-952,59,-93,12
56224,-987,86,-148,12
56265,-1142,79,-250,12
56306,-1357,36,-211,12
56347,-1094,183,-96,13
56388,-832,307,-298,13
56429,-846,423,-456,13
56471,-913,341,-361,13
56512,-903,170,-289,13
56553,-874,144,-225,13
56594,-847,152,-147,13
56635,-843,176,-150,13
56677,-814,259,-215,13
56718,-756,281,-265,13
56759,-771,259,-286,13
56800,-882,303,-353,13
56841,-1028,349,-336,13
56883,-1104,390,-262,13
56924,-1130,316,-291,14
56966,-1209,265,-377,14
57007,-1080,363,-319,14
57048,-962,316,-229,14
57089,-990,2,-115,14
57130,-1034,70,-109,14
57174,-1090,-79,-119,14
57215,-1027,53,-42,14
57256,-944,87,-45,14
57298,-897,79,-124,14
57339,-895,91,-119,14
57380,-899,82,-105,14
57421,-890,79,-157,14
57462,-897,75,-192,14
57504,-943,59,-177,14
57545,-979,81,-177,14
57586,-1011,93,-165,14
57627,-1101,106,-178,14
57668,-1276,88,-107,14
57709,-1114,193,1,15
57750,-992,257,-46,15
57791,-976,221,-58,15
57832,-969,187,-29,15
57873,-950,96,-54,15
57914,-968,47,-35,15
57956,-995,21,5,15
57997,-960,58,-111,15
58038,-974,51,-202,15
58079,-1001,78,-147,15
58120,-980,135,-165,15
58162,-919,136,-193,15
58203,-880,132,-157,15
58244,-863,135,-109,15
58285,-904,187,97,15
58326,-900,209,-50,15
58368,-938,280,-134,15
58409,-946,261,-121,15
58450,-894,416,-306,15
58491,-916,404,-368,15
58532,-919,482,-412,15
58573,-1026,418,-364,15
58615,-1119,373,-330,15
58656,-1050,294,-266,16
58697,-981,188,-224,16
58738,-846,142,-240,16
58780,-864,115,-176,16
58821,-962,269,-212,16
58862,-1038,255,-159,16
58903,-1013,310,-82,16
58944,-902,280,-123,16
58985,-862,255,-175,16
59027,-873,248,-194,16
59068,-900,245,-225,16
59109,-927,260,-246,16
59150,-966,238,-244,16
59191,-1004,202,-251,16
59232,-1069,151,-284,16
59273,-1206,101,-291,16
59314,-1279,52,-186,17
59355,-959,43,-150,17
59396,-851,153,-322,17
59437,-891,151,-331,17
59478,-910,-43,-280,17
59520,-886,-215,-216,17
59561,-821,-154,-248,17
59602,-800,-84,-234,17
59643,-824,14,-193,17
59685,-852,128,-227,17
59726,-843,152,-211,17
59767,-828,202,-218,17
59808,-833,280,-291,17
59849,-907,358,-330,17
59890,-1078,412,-295,17
59932,-1144,416,-235,18
59973,-1174,295,-264,18
60014,-1296,322,-345,18
60055,-1046,456,-288,18
60096,-975,291,-304,18
60138,-1034,172,-254,18
60179,-1166,84,-139,18
60220,-1183,133,-54,18
60261,-1061,153,-97,18
60302,-964,125,-108,18
60344,-926,124,-104,18
60385,-853,84,-130,18
60426,-818,83,-161,18
60467,-797,97,-161,18
60508,-793,80,-162,18
60550,-824,51,-179,18
60591,-899,52,-214,18
60632,-970,77,-316,18
60673,-1303,41,-296,18
60714,-1182,146,-143,19
60756,-968,290,-252,19
60797,-993,388,-352,19
60838,-1035,414,-286,19
60879,-962,173,-193,19
60920,-890,68,-181,19
60961,-820,64,-156,19
61002,-789,84,-148,19
61043,-829,195,-166,19
61084,-836,291,-197,19
61125,-833,335,-220,19
61166,-859,346,-290,19
61208,-943,349,-314,19
61249,-1038,415,-289,19
61290,-1049,459,-282,19
61331,-1289,377,-343,19
61372,-1347,477,-321,20
61413,-1119,489,-186,20
61455,-1028,200,-191,20
61496,-1024,60,-132,20
61537,-1083,140,-29,20
61578,-1043,206,2,20
61619,-1006,223,-12,20
61661,-961,197,-15,20
61702,-930,135,-1,20
61743,-884,96,-16,20
61784,-849,70,-65,20
61825,-837,99,-112,20
61866,-853,137,-106,20
61907,-847,140,-106,20
61948,-853,111,-189,20
61989,-900,63,-369,20
62030,-1127,82,-375,20
62071,-1228,100,-259,21
62112,-960,318,-307,21
62154,-918,406,-395,21
62195,-1022,376,-313,21
62236,-1046,349,-165,21
62277,-974,171,-100,21
62321,-918,83,-108,21
62363,-868,121,-74,21
62404,-875,160,-79,21
62445,-905,229,-109,21
62486,-932,309,-152,21
62527,-956,352,-252,21
62569,-956,390,-332,21
62610,-937,346,-387,21
62651,-943,328,-296,21
62692,-953,321,-247,21
62733,-981,308,-194,21
62774,-990,278,-123,21
62815,-1109,214,-94,21
62856,-1192,239,-59,21
62897,-1052,352,-7,22
62938,-986,293,8,22
62979,-999,173,54,22
63020,-1022,93,115,22
63061,-1015,67,99,22
63102,-1047,106,110,22
63143,-1068,112,171,22
63184,-1055,112,180,22
63225,-1018,137,151,22
63266,-1011,161,87,22
63307,-1032,186,87,22
63348,-1049,206,119,22
63389,-1054,201,126,22
63430,-1057,141,130,22
63472,-1052,102,94,22
63513,-1018,125,-28,22
63554,-1009,102,-81,22
63595,-1003,98,-150,22
63636,-994,123,-294,22
63677,-1085,35,-285,22
63719,-995,-26,-203,22
63760,-781,75,-361,22
63802,-792,162,-451,22
63843,-963,236,-380,22
63884,-1050,302,-299,22
63926,-1026,222,-220,22
63967,-910,135,-221,22
64008,-851,124,-224,22
64049,-860,187,-192,22
64090,-874,218,-158,22
64131,-889,265,-162,22
64173,-903,279,-167,22
64214,-891,300,-183,22
64255,-874,310,-213,22
64296,-912,330,-212,22
64337,-1024,330,-172,22
64379,-1073,339,-160,22
64420,-1189,286,-187,22
64461,-1167,297,-169,23
64502,-1073,294,-115,23
64543,-934,244,-95,23
64585,-933,130,-82,23
64626,-990,98,-61,23
64667,-1023,200,-52,23
64708,-1012,275,-32,23
64749,-991,235,-14,23
64792,-979,173,20,23
64833,-974,161,49,23
64874,-976,194,81,23
64915,-975,206,99,23
64956,-947,210,71,23
64998,-953,171,15,23
65040,-984,91,-30,23
65081,-991,6,-98,23
65122,-1034,-3,-248,23
65163,-1208,2,-292,23
65205,-1062,85,-156,24
65246,-818,135,-332,24
65287,-851,188,-444,24
65328,-968,218,-375,24
65369,-1043,192,-313,24
65410,-995,61,-222,24
65452,-874,66,-215,24
65493,-833,119,-196,24
65534,-851,181,-165,24
65575,-851,222,-139,24
65616,-833,247,-170,24
65658,-850,236,-165,24
65699,-880,275,-204,24
65740,-967,328,-247,24
65781,-1078,367,-237,24
65822,-1150,396,-225,24
65864,-1248,315,-264,25
65905,-1194,283,-273,25
65946,-1094,264,-191,25
65987,-1016,206,-151,25
66028,-968,147,-82,25
66069,-952,104,-46,25
66111,-980,141,-37,25
66152,-972,237,-7,25
66193,-938,255,-3,25
66234,-914,200,0,25
66275,-875,141,5,25
66317,-854,119,-44,25
66358,-864,93,-50,25
66399,-900,88,-78,25
66440,-940,59,-103,25
66481,-962,20,-148,25
66522,-978,37,-218,25
66564,-1161,92,-335,25
66605,-1289,90,-192,26
66646,-1008,204,-113,26
66687,-846,283,-279,26
66728,-897,340,-334,26
66769,-1042,368,-230,26
66810,-1024,223,-197,26
66851,-923,7,-149,26
66892,-849,-5,-183,26
66933,-846,87,-176,26
66974,-858,124,-206,26
67016,-854,168,-223,26
67057,-863,167,-244,26
67098,-876,198,-273,26
67139,-911,243,-250,26
67180,-958,293,-226,26
67222,-1009,321,-192,26
67263,-998,276,-173,26
67304,-1113,191,-200,26
67345,-1313,224,-230,26
67386,-1098,341,-161,27
67427,-1011,216,-175,27
67472,-1024,12,-187,27
67513,-1063,-20,-167,27
67554,-1113,0,-100,27
67595,-1007,-86,-40,27
67636,-937,-102,-80,27
67677,-876,-56,-114,27
67718,-824,-28,-120,27
67759,-849,0,-118,27
67800,-883,1,-114,27
67841,-964,31,-126,27
67882,-973,25,-102,27
67923,-1003,18,-149,27
67964,-1050,45,-200,27
68005,-1141,39,-194,27
68046,-1392,100,-295,27
68087,-1202,69,-46,28
68128,-878,123,35,28
68170,-922,101,-67,28
68211,-1048,75,128,28
68252,-1011,-52,177,28
68293,-929,-94,55,28
68334,-915,-59,-69,28
68376,-930,12,-182,28
68417,-960,-23,-286,28
68458,-968,19,-344,28
68499,-924,98,-458,28
68540,-888,156,-405,28
68581,-864,158,-269,28
68623,-890,154,-159,28
68664,-901,154,-123,28
68705,-919,178,-127,28
68746,-933,241,-154,28
68787,-1013,273,-234,28
68829,-1032,273,-272,28
68870,-964,240,-256,28
68911,-950,209,-291,28
68952,-973,242,-327,28
68993,-1032,251,-283,28
69034,-1091,244,-153,28
69076,-1098,186,-81,28
69117,-1020,111,-106,28
69158,-951,60,-154,28
69199,-928,41,-216,28
69240,-947,17,-240,28
69282,-945,25,-242,28
69323,-932,25,-233,28
69364,-920,11,-261,28
69405,-946,75,-247,28
69446,-954,109,-222,28
69487,-999,96,-198,28
69529,-1044,85,-131,28
69570,-970,99,-182,28
69611,-876,81,-323,28
69652,-804,115,-455,28
69693,-837,152,-542,28
69735,-895,148,-496,28
69776,-924,74,-469,28
69817,-930,38,-457,28
69858,-888,3,-431,28
69899,-905,-27,-406,28
69941,-897,-13,-394,28
69982,-893,-26,-382,28
70023,-895,-42,-381,28
70064,-884,-2,-386,28
70105,-881,31,-405,28
70146,-889,67,-396,28
70187,-899,82,-385,28
70228,-927,80,-375,28
70269,-934,83,-387,28
70310,-941,56,-376,28
70351,-936,20,-384,28
70392,-924,-3,-385,28
70434,-915,-12,-390,28
70474,-905,-5,-370,28
70515,-906,-9,-393,28
70556,-916,17,-401,28
70597,-910,13,-395,28
70638,-905,16,-404,28
70679,-907,37,-398,28
70720,-904,39,-382,28
70761,-904,54,-371,28
70802,-918,59,-368,28
70844,-921,61,-374,28
70885,-915,49,-374,28
70926,-919,58,-386,28
70967,-921,62,-408,28
71008,-940,72,-430,28
71049,-936,51,-438,28
71090,-942,0,-410,28
71132,-909,-35,-387,28
71173,-888,-26,-365,28
71214,-893,33,-365,28
71255,-934,69,-352,28
71296,-986,75,-406,28
71337,-958,57,-439,28
71378,-867,-13,-424,28
71419,-844,-85,-393,28
71460,-878,9,-338,28
71502,-904,65,-358,28
71543,-916,100,-389,28
71585,-890,93,-427,28
71626,-888,89,-449,28
71667,-880,89,-476,28
71709,-869,69,-475,28
71750,-849,51,-453,28
71791,-872,46,-414,28
71832,-861,52,-390,28
71873,-871,57,-367,28
71914,-870,13,-370,28
71956,-909,-79,-329,28
71997,-879,-195,-351,28
72038,-839,-355,-440,28
72079,-903,-267,-393,28
72120,-964,-165,-367,28
72162,-959,-104,-314,28
72203,-952,-91,-291,28
72244,-908,-56,-235,28
72285,-905,-57,-250,28
72326,-889,-36,-274,28
72367,-897,20,-303,28
72409,-929,43,-314,28
72450,-938,53,-322,28
72491,-933,48,-346,28
72532,-1031,3,-260,28
72573,-1243,10,-222,28
72618,-1131,-99,-177,29
72659,-1140,-278,-213,29
72700,-1121,-255,-220,29
72741,-971,-162,-228,29
72782,-903,-98,-162,29
72823,-979,-17,-92,29
72864,-1093,2,-25,29
72905,-1057,46,29,29
72946,-974,69,4,29
72987,-950,42,-38,29
73028,-930,49,-82,29
73069,-923,52,-86,29
73111,-920,48,-124,29
73152,-921,39,-151,29
73193,-929,14,-187,29
73234,-1030,-66,-167,29
73276,-1073,-96,-224,29
73318,-1339,-117,-254,29
73359,-1152,-4,-62,30
73400,-889,104,-134,30
73441,-948,165,-200,30
73482,-1017,189,-79,30
73525,-989,32,-69,30
73566,-852,-92,-93,30
73607,-802,-74,-117,30
73648,-801,21,-86,30
73689,-820,75,-115,30
73731,-833,173,-167,30
73773,-832,243,-238,30
73814,-864,253,-283,30
73855,-976,290,-354,30
73896,-1128,345,-363,30
73938,-1297,282,-215,31
73980,-1385,248,-211,31
74021,-1182,381,-168,31
74062,-1059,226,-155,31
74103,-1014,91,-119,31
74144,-1055,68,-31,31
74186,-1091,129,51,31
74228,-1015,234,130,31
74269,-924,170,94,31
74310,-902,75,56,31
74351,-897,31,35,31
74392,-892,23,22,31
74434,-885,0,0,31
74476,-919,-52,-13,31
74518,-941,-65,-72,31
74559,-973,-53,-142,31
74600,-1071,-38,-220,31
74642,-1249,-61,-105,31
74684,-938,146,-54,32
74725,-986,179,-195,32
74766,-1056,244,-235,32
74807,-1084,241,-88,32
74848,-985,88,-46,32
74890,-902,79,-87,32
74932,-851,115,-126,32
74973,-894,127,-71,32
75014,-921,178,-124,32
75055,-933,247,-190,32
75097,-951,213,-205,32
75139,-963,201,-222,32
75180,-1048,204,-200,32
75221,-1064,185,-141,32
75262,-1034,132,-108,32
75303,-1203,76,-120,32
75345,-1172,191,-42,33
75387,-1020,197,-20,33
75428,-1013,74,-42,33
75469,-1081,42,5,33
75510,-1115,45,53,33
75552,-1062,69,111,33
75593,-1009,-5,97,33
75634,-958,-64,55,33
75675,-919,-91,24,33
75716,-916,-115,-10,33
75757,-949,-118,-37,33
75799,-962,-145,-69,33
75841,-979,-139,-109,33
75882,-1044,-128,-123,33
75924,-1107,-178,-51,33
75965,-1242,-233,34,33
76007,-1322,-229,148,34
76049,-1159,-100,224,34
76090,-1030,42,39,34
76131,-1019,144,-98,34
76172,-1005,262,-47,34
76213,-992,177,154,34
76255,-951,130,216,34
76296,-918,147,199,34
76338,-907,188,153,34
76379,-909,189,105,34
76420,-964,219,66,34
76462,-1003,274,6,34
76504,-1040,374,-146,34
76545,-1077,394,-321,34
76586,-1146,358,-485,35
76627,-1116,201,-443,35
76668,-1070,118,-438,35
76709,-976,176,-328,35
76751,-937,167,-244,35
76792,-997,187,-105,35
76833,-1045,199,-21,35
76874,-1008,236,17,35
76915,-955,224,-23,35
76958,-945,230,-50,35
76999,-942,215,-52,35
77040,-925,205,-97,35
77081,-886,200,-129,35
77122,-875,165,-164,35
77163,-905,170,-195,35
77205,-1017,171,-195,35
77246,-1080,156,-209,35
77287,-1149,93,-260,35
77328,-1261,-5,-178,36
77369,-1067,29,-89,36
77411,-900,74,-249,36
77452,-959,33,-252,36
77493,-984,-3,-124,36
77534,-945,-102,-94,36
77575,-868,-129,-119,36
77616,-861,-31,-104,36
77658,-875,47,-39,36
77699,-884,117,-53,36
77740,-885,193,-91,36
77784,-889,232,-99,36
77825,-884,294,-155,36
77866,-905,352,-235,36
77908,-1035,404,-287,36
77949,-1147,459,-254,36
77990,-1316,397,-229,37
78031,-1310,357,-215,37
78073,-1106,352,-176,37
78115,-1035,157,-180,37
78156,-1057,56,-113,37
78197,-1145,69,-16,37
78238,-1173,115,43,37
78279,-1038,159,43,37
78320,-946,64,-18,37
78362,-910,39,-47,37
78403,-836,29,-63,37
78444,-806,9,-93,37
78485,-836,-5,-134,37
78526,-861,-37,-172,37
78568,-951,-52,-181,37
78610,-1094,-63,-211,37
78651,-1302,-127,-150,37
78692,-1113,-12,-74,38
78733,-946,140,-205,38
78774,-998,222,-250,38
78817,-1064,286,-131,38
78858,-1041,210,-108,38
78899,-930,122,-163,38
78940,-879,78,-144,38
78983,-829,77,-178,38
79024,-848,167,-223,38
79065,-858,210,-255,38
79106,-875,255,-260,38
79147,-921,288,-302,38
79188,-1041,351,-325,38
79229,-1159,366,-212,38
79271,-1303,218,-149,39
79312,-1241,249,-105,39
79353,-1052,292,-110,39
79394,-984,171,-126,39
79435,-1005,69,-101,39
79476,-1102,60,-40,39
79517,-1128,157,-5,39
79558,-1051,295,53,39
79599,-998,188,47,39
79640,-961,96,39,39
79681,-898,20,27,39
79723,-859,2,-5,39
79764,-850,-15,-32,39
79805,-893,-47,-59,39
79846,-957,-68,-96,39
79887,-1009,-46,-178,39
79929,-1146,-11,-230,39
79970,-1208,-53,-77,39
80011,-1030,87,-83,40
80052,-987,234,-236,40
80093,-1064,305,-264,40
80134,-1062,274,-142,40
80176,-981,78,-124,40
80217,-885,62,-120,40
80258,-878,32,-101,40
80299,-897,81,-79,40
80340,-898,142,-143,40
80382,-889,187,-185,40
80423,-891,209,-218,40
80464,-903,165,-220,40
80505,-942,158,-194,40
80546,-974,179,-202,40
80587,-1004,209,-192,40
80629,-1018,225,-174,40
80670,-1140,93,-203,40
80711,-1254,86,-180,40
80752,-1151,220,-105,41
80793,-1040,184,-105,41
80835,-1003,15,-124,41
80876,-1069,-28,-128,41
80917,-1156,35,-47,41
80958,-1117,45,46,41
80999,-1030,-8,32,41
81040,-943,-68,-46,41
81082,-874,-74,-66,41
81123,-831,-89,-77,41
81164,-806,-91,-130,41
81205,-835,-74,-118,41
81246,-902,-52,-97,41
81287,-1021,-26,-111,41
81329,-1164,12,-95,41
81370,-1306,85,-51,41
81411,-1407,112,96,42
81452,-1261,187,228,42
81493,-1040,244,109,42
81535,-908,195,74,42
81576,-910,165,111,42
81617,-914,84,129,42
81658,-939,44,102,42
81700,-900,-20,-59,42
81741,-891,-2,-149,42
81783,-877,104,-323,42
81824,-934,253,-529,42
81865,-932,355,-308,42
81906,-858,371,-376,42
81947,-829,265,-285,42
81989,-855,287,-200,42
82030,-845,298,-266,42
82071,-855,259,-307,42
82112,-877,240,-332,42
82153,-858,310,-427,42
82194,-897,313,-485,42
82236,-1007,279,-433,42
82277,-1051,249,-342,42
82318,-1021,273,-225,42
82359,-944,280,-266,42
82400,-941,200,-216,42
82442,-975,188,-182,42
82483,-1053,223,-145,42
82524,-1039,240,-88,42
82565,-935,257,-35,42
82606,-897,348,-63,42
82647,-919,364,-93,42
82689,-960,309,-104,42
82730,-952,281,-213,42
82771,-915,291,-297,42
82812,-866,291,-349,42
82853,-878,194,-331,42
82895,-910,142,-332,42
82940,-959,153,-381,42
82981,-1039,150,-366,42
83022,-1220,124,-266,42
83063,-1111,131,-168,43
83104,-845,153,-202,43
83145,-852,187,-220,43
83186,-975,152,-79,43
83227,-1013,143,-10,43
83268,-970,29,-35,43
83309,-880,12,-71,43
83351,-843,51,-102,43
83392,-870,89,-107,43
83433,-895,153,-141,43
83474,-906,225,-195,43
83515,-888,230,-240,43
83556,-899,276,-320,43
83597,-945,315,-359,43
83638,-1020,318,-333,43
83679,-1103,312,-250,43
83720,-1187,247,-260,43
83761,-1312,246,-249,44
83803,-1092,387,-166,44
83844,-986,208,-201,44
83885,-1051,109,-164,44
83926,-1136,167,-139,44
83967,-1169,155,-21,44
84009,-1075,142,42,44
84051,-968,46,3,44
84092,-925,44,-28,44
84133,-887,59,-30,44
84174,-835,92,-59,44
84215,-797,138,-111,44
84257,-816,125,-141,44
84298,-859,45,-169,44
84339,-895,0,-200,44
84380,-1076,19,-298,44
84421,-1298,0,-199,44
84463,-1076,145,-102,45
84504,-992,235,-251,45
84545,-1014,295,-257,45
84586,-1072,294,-173,45
84627,-958,96,-141,45
84668,-871,-14,-161,45
84710,-820,-4,-115,45
84751,-820,56,-67,45
84792,-848,157,-95,45
84833,-871,264,-131,45
84874,-890,328,-174,45
84916,-946,369,-244,45
84957,-1042,353,-245,45
84998,-1108,398,-213,45
85039,-1119,449,-201,46
85080,-1261,377,-228,46
85121,-1224,468,-157,46
85162,-1093,435,-84,46
85204,-1079,218,-90,46
85245,-1076,100,-33,46
85286,-1122,89,8,46
85327,-1079,238,18,46
85368,-1035,280,44,46
85410,-967,216,27,46
85451,-923,125,-25,46
85492,-855,59,-48,46
85533,-815,38,-57,46
85574,-820,15,-85,46
85616,-852,-13,-111,46
85657,-886,-39,-117,46
85698,-987,-84,-209,46
85739,-1234,-98,-190,46
85780,-1176,0,-84,47
85821,-935,206,-223,47
85862,-966,294,-328,47
85903,-1098,377,-179,47
85944,-1139,408,-87,47
85985,-1036,232,-69,47
86026,-924,144,-113,47
86067,-809,80,-106,47
86108,-792,54,-82,47
86149,-835,199,-118,47
86190,-855,284,-174,47
86231,-909,326,-210,47
86272,-1003,363,-287,47
86313,-1051,410,-314,47
86354,-1097,425,-256,47
86395,-1152,390,-193,48
86436,-1337,272,-171,48
86477,-1239,384,-134,48
86519,-1113,350,-101,48
86560,-1177,110,20,48
86601,-1172,-51,123,48
86643,-1128,-87,94,48
86684,-1060,-2,78,48
86726,-1023,1,99,48
86767,-989,-7,74,48
86808,-946,-44,23,48
86849,-933,-119,-61,48
86890,-917,-131,-115,48
86931,-878,-129,-152,48
86973,-895,-145,-175,48
87014,-972,-105,-158,48
87056,-1026,-61,-99,48
87097,-1247,-75,-93,48
87138,-1457,20,134,49
87180,-1370,269,329,49
87221,-1266,342,290,49
87262,-1143,338,254,49
87303,-1072,274,245,49
87344,-973,172,214,49
87385,-930,138,116,49
87426,-890,98,-7,49
87468,-908,68,-48,49
87509,-926,81,-141,49
87550,-967,104,-197,49
87591,-972,165,-288,49
87633,-995,168,-269,49
87674,-1024,160,-183,49
87715,-1023,157,-86,49
87756,-1019,142,-45,49
87797,-983,170,-14,49
87839,-935,183,0,49
87880,-916,199,4,49
87921,-974,234,-37,49
87962,-1109,239,-117,49
88003,-1153,346,-106,49
88044,-1030,465,-167,50
88089,-941,466,-432,50
88130,-950,374,-555,50
88171,-1098,308,-353,50
88212,-1132,245,-233,50
88253,-1095,194,-152,50
88295,-1061,157,-146,50
88336,-1019,136,-142,50
88377,-1004,119,-117,50
88418,-964,76,-107,50
88459,-911,79,-123,50
88501,-928,65,-136,50
88542,-978,-4,-135,50
88583,-1068,-64,-157,50
88624,-1118,-94,-219,50
88665,-1245,-141,-227,50
88706,-1206,-82,-73,51
88747,-881,49,-113,51
88788,-957,99,-241,51
88829,-1029,164,-177,51
88870,-1033,104,-62,51
88911,-938,-4,-42,51
88952,-891,4,-18,51
88993,-842,26,13,51
89034,-855,86,8,51
89075,-845,173,-54,51
89116,-859,227,-82,51
89157,-893,286,-147,51
89198,-980,347,-230,51
89239,-1065,372,-277,51
89280,-1138,415,-245,51
89321,-1274,367,-250,52
89362,-1368,400,-206,52
89404,-1167,462,-119,52
89445,-1065,222,-130,52
89486,-1076,47,-76,52
89527,-1143,72,26,52
89568,-1129,217,82,52
89609,-1078,272,113,52
89650,-1024,140,99,52
89691,-964,51,70,52
89732,-876,0,66,52
89773,-802,0,35,52
89814,-803,-3,-14,52
89856,-871,-2,-51,52
89897,-919,-18,-61,52
89938,-959,-37,-132,52
89979,-1048,-31,-281,52
90020,-1279,-61,-221,52
90061,-1109,3,-94,53
90102,-994,121,-256,53
90143,-1020,264,-311,53
90184,-1096,307,-174,53
90225,-1044,156,-62,53
90266,-964,66,-25,53
90308,-866,85,-27,53
90349,-837,114,-20,53
90390,-849,181,-30,53
90431,-886,258,-88,53
90472,-923,325,-142,53
90514,-961,335,-214,53
90555,-1029,379,-271,53
90596,-1123,444,-261,53
90637,-1182,372,-186,54
90678,-1332,194,-209,54
90719,-1205,270,-161,54
90761,-1067,179,-95,54
90802,-1092,0,29,54
90843,-1130,-40,107,54
90884,-1121,44,156,54
90925,-1050,92,133,54
90967,-941,74,42,54
91008,-872,20,2,54
91049,-846,1,-20,54
91090,-870,4,-27,54
91131,-891,46,-54,54
91172,-927,56,-68,54
91214,-949,28,-76,54
91255,-974,-9,-115,54
91296,-1156,-46,-180,54
91337,-1277,-89,-77,54
91378,-994,18,-96,55
91419,-892,142,-224,55
91461,-986,219,-190,55
91502,-1060,188,-161,55
91543,-1045,14,-147,55
91584,-932,5,-170,55
91625,-869,31,-170,55
91667,-883,128,-113,55
91708,-885,218,-120,55
91749,-861,316,-183,55
91790,-850,308,-195,55
91831,-874,327,-258,55
91872,-994,348,-278,55
91914,-1050,318,-282,55
91955,-1105,320,-274,55
91996,-1200,188,-277,56
92037,-1331,122,-245,56
92078,-1135,253,-189,56
92119,-1010,184,-111,56
92161,-1081,7,-7,56
92202,-1092,-46,27,56
92243,-1122,-53,10,56
92284,-1072,16,41,56
92325,-999,58,60,56
92367,-956,20,24,56
92408,-915,-3,-47,56
92449,-877,-44,-93,56
92490,-862,-65,-121,56
92531,-882,-66,-146,56
92572,-928,-58,-143,56
92614,-1004,-19,-132,56
92655,-1022,36,-127,56
92696,-1061,64,-125,56
92737,-1287,-24,-45,56
92778,-1321,35,133,57
92819,-1252,210,256,57
92860,-1203,236,266,57
92901,-1100,231,233,57
92942,-1016,79,209,57
92983,-908,-42,107,57
93024,-850,-46,83,57
93065,-849,29,6,57
93106,-942,69,-89,57
93147,-1003,61,-96,57
93188,-1011,133,-181,57
93232,-972,245,-310,57
93274,-947,265,-313,57
93315,-887,227,-242,57
93356,-860,225,-185,57
93397,-877,243,-161,57
93438,-891,298,-168,57
93480,-909,368,-268,57
93521,-1135,308,-322,57
93562,-1231,292,-385,58
93603,-997,352,-432,58
93644,-969,175,-370,58
93685,-959,244,-308,58
93727,-957,175,-331,58
93768,-978,196,-230,58
93809,-926,288,-177,58
93850,-902,319,-162,58
93891,-899,341,-115,58
93933,-905,339,-119,58
93974,-928,316,-159,58
94015,-941,282,-179,58
94056,-913,236,-225,58
94097,-918,165,-265,58
94139,-976,127,-254,58
94180,-1125,67,-272,58
94221,-1327,-37,-227,58
94262,-1088,-31,-132,59
94303,-885,109,-202,59
94345,-864,159,-234,59
94386,-934,161,-216,59
94427,-943,63,-227,59
94468,-884,40,-176,59
94509,-848,20,-172,59
94551,-838,93,-153,59
94593,-841,201,-182,59
94634,-829,303,-238,59
94675,-840,336,-229,59
94716,-860,359,-265,59
94757,-935,399,-396,59
94798,-1022,421,-367,59
94839,-1077,389,-347,59
94880,-1258,322,-433,60
94921,-1162,474,-325,60
94962,-1044,321,-228,60
95004,-1056,231,-221,60
95045,-1163,226,-126,60
95086,-1197,253,-49,60
95127,-1075,222,-7,60
95168,-965,115,-30,60
95210,-929,99,-16,60
95251,-875,73,3,60
95292,-822,30,-48,60
95333,-738,27,-152,60
95374,-764,22,-154,60
95416,-872,26,-194,60
95457,-944,43,-277,60
95498,-1146,68,-376,60
95539,-1248,104,-253,61
95580,-993,218,-176,61
95621,-1085,298,-333,61
95662,-1147,369,-269,61
95703,-1018,248,-230,61
95744,-873,42,-178,61
95785,-800,40,-122,61
95826,-788,94,-46,61
95867,-799,140,-59,61
95908,-818,244,-91,61
95949,-839,316,-144,61
95990,-962,338,-214,61
96031,-1077,373,-268,61
96072,-1123,453,-245,61
96114,-1186,377,-245,62
96155,-1266,326,-271,62
96196,-1053,494,-170,62
96237,-1010,371,-139,62
96278,-1047,161,-119,62
96319,-1111,148,-56,62
96360,-1136,236,-27,62
96401,-1072,339,30,62
96442,-1007,270,38,62
96483,-950,156,-4,62
96524,-899,99,-7,62
96565,-864,55,-34,62
96606,-866,25,-43,62
96647,-886,-49,-70,62
96688,-933,-94,-98,62
96730,-934,-51,-144,62
96771,-1166,-80,-190,62
96812,-1143,-7,-117,63
96853,-906,161,-170,63
96894,-978,180,-283,63
96936,-1095,241,-195,63
96977,-1098,240,-92,63
97018,-994,141,-66,63
97059,-930,186,-74,63
97100,-890,225,-110,63
97141,-882,230,-140,63
97182,-903,305,-162,63
97223,-915,385,-244,63
97264,-963,381,-298,63
97305,-1028,389,-330,63
97346,-1079,400,-295,63
97387,-1109,334,-177,64
97428,-1127,166,-115,64
97469,-1191,83,-87,64
97511,-1130,205,-48,64
97552,-1057,237,-52,64
97593,-1071,128,-35,64
97634,-1108,69,-7,64
97675,-1143,123,15,64
97717,-1091,185,72,64
97758,-1005,133,101,64
97799,-937,39,46,64
97840,-908,42,18,64
97881,-882,18,12,64
97923,-870,-4,-26,64
97964,-872,5,-76,64
98005,-861,6,-61,64
98046,-859,-6,-65,64
98087,-884,-4,-138,64
98128,-1030,6,-212,64
98170,-1246,24,-145,64
98211,-1214,168,-50,65
98252,-992,377,-142,65
98293,-969,423,-263,65
98335,-1038,432,-170,65
98380,-1101,350,6,65
98421,-1060,217,24,65
98462,-950,155,-26,65
98503,-851,117,-103,65
98545,-855,169,-156,65
98586,-938,277,-277,65
98627,-1031,341,-262,65
98668,-1042,322,-232,65
98709,-974,244,-182,65
98750,-956,177,-116,65
98792,-976,141,-26,65
98833,-969,141,56,65
98874,-976,120,79,65
98915,-1025,85,120,65
98956,-1031,90,127,65
98997,-972,130,82,65
99038,-970,88,119,65
99079,-976,31,176,65
99120,-984,49,184,65
99161,-1006,123,176,65
99203,-1035,221,196,65
99244,-1066,270,215,65
99285,-1118,285,227,65
99326,-1126,289,251,65
99367,-1094,230,210,66
99409,-1061,189,138,66
99450,-1034,154,110,66
99491,-1022,118,79,66
99532,-1022,84,69,66
99573,-1019,50,64,66
99615,-988,68,20,66
99656,-957,71,7,66
99697,-940,39,9,66
99738,-952,-22,-41,66
99780,-1146,-123,-41,66
99821,-1057,-43,-29,66
99862,-913,41,-178,66
99903,-931,111,-280,66
99944,-1017,86,-216,66
99986,-1043,40,-245,66
100027,-988,13,-284,66
100068,-882,-43,-313,66
100109,-858,-99,-274,66
100150,-858,-5,-232,66
100192,-837,20,-213,66
100233,-823,48,-167,66
100274,-843,107,-118,66
100315,-868,180,-135,66
100356,-944,195,-150,66
100397,-1060,260,-272,66
100439,-1058,289,-327,66
100480,-1137,236,-277,66
100521,-1255,208,-202,67
100562,-1235,375,-182,67
100603,-1256,426,-149,67
100645,-1239,284,-1,67
100686,-1188,184,79,67
100727,-1131,133,100,67
100769,-1038,146,158,67
100810,-997,113,168,67
100852,-959,59,125,67
100893,-901,76,96,67
100934,-854,62,75,67
100975,-849,82,9,67
101016,-874,84,-39,67
101058,-932,35,-41,67
101099,-950,19,-104,67
101140,-1108,-29,-253,67
101181,-1285,-115,-124,67
101222,-1029,-45,-108,68
101264,-942,88,-306,68
101305,-957,189,-363,68
101346,-1062,204,-237,68
101387,-1037,161,-154,68
101428,-969,65,-106,68
101470,-918,86,-100,68
101511,-888,142,-65,68
101552,-902,171,-50,68
101593,-899,262,-93,68
101634,-912,352,-147,68
101676,-951,404,-165,68
101717,-1007,445,-193,68
101758,-1081,449,-217,68
101799,-1141,447,-187,69
101840,-1300,262,-137,69
101881,-1359,258,-27,69
101922,-1146,387,-57,69
101963,-1220,217,-26,69
102004,-1248,100,73,69
102045,-1239,71,124,69
102086,-1159,119,136,69
102127,-1054,156,130,69
102168,-947,91,71,69
102209,-852,21,25,69
102250,-744,-18,-45,69
102291,-652,6,-109,69
102332,-682,39,-120,69
102373,-815,86,-73,69
102414,-934,118,-47,69
102455,-1020,176,-114,69
102496,-1153,164,-176,69
102537,-1238,-12,-35,69
102578,-1040,-26,-76,70
102619,-940,73,-232,70
102660,-1123,187,-180,70
102701,-1188,342,-125,70
102742,-1105,245,-87,70
102783,-969,112,-128,70
102824,-849,78,-101,70
102865,-853,83,-16,70
102906,-918,138,37,70
102947,-963,216,-14,70
102988,-975,354,-91,70
103029,-952,411,-177,70
103070,-940,409,-259,70
103111,-1010,412,-299,70
103152,-1108,365,-204,70
103193,-1395,199,-175,71
103234,-1418,300,-128,71
103275,-1143,460,-85,71
103316,-1139,214,-61,71
103357,-1124,-39,1,71
103398,-1104,-82,46,71
103439,-1107,51,78,71
103480,-1032,232,70,71
103524,-989,217,91,71
103565,-903,107,35,71
103607,-834,37,-1,71
103648,-800,15,-9,71
103689,-758,10,-44,71
103730,-765,0,-74,71
103771,-825,-3,-125,71
103812,-881,16,-182,71
103853,-1022,40,-254,71
103894,-1261,-13,-124,71
103935,-1262,61,-66,72
103976,-1051,244,-139,72
104017,-1002,329,-202,72
104058,-1105,312,-175,72
104099,-1136,336,-54,72
104140,-1086,204,-48,72
104181,-954,159,-78,72
104223,-851,105,-94,72
104264,-837,68,-102,72
104305,-879,123,-113,72
104346,-890,92,-175,72
104387,-904,130,-167,72
104429,-948,178,-201,72
104470,-949,227,-263,72
104511,-974,241,-212,72
104552,-1024,196,-149,72
104593,-1122,144,-120,72
104635,-1250,93,-97,72
104676,-1158,214,-95,73
104717,-1063,178,-122,73
104758,-1017,-19,-79,73
104800,-1014,-152,-68,73
104841,-1120,2,-20,73
104882,-1143,-6,-27,73
104923,-1063,66,-4,73
104965,-987,-5,-29,73
105006,-946,-143,-90,73
105048,-967,-140,-51,73
105089,-970,-151,-49,73
105130,-968,-152,-72,73
105171,-947,-151,-109,73
105212,-961,-155,-107,73
105254,-973,-138,-131,73
105295,-1012,-77,-122,73
105336,-1196,-122,-72,73
105378,-1300,-127,103,74
105419,-1194,30,307,74
105461,-1060,6,287,74
105502,-1005,4,222,74
105543,-1025,51,166,74
105584,-1018,104,137,74
105625,-945,96,93,74
105667,-920,70,43,74
105708,-951,125,-15,74
105749,-935,54,36,74
105790,-943,55,87,74
105831,-943,134,11,74
105873,-963,255,-47,74
105914,-993,339,-102,74
105955,-1017,368,-165,74
105996,-1131,391,-253,74
106037,-1199,416,-326,75
106079,-1144,316,-328,75
106120,-1100,-31,-403,75
106161,-1128,195,-221,75
106202,-1107,178,-130,75
106243,-1044,82,-144,75
106284,-949,112,-83,75
106325,-954,147,-21,75
106366,-984,172,-16,75
106408,-977,204,-1,75
106449,-959,192,-11,75
106490,-919,176,-74,75
106532,-896,188,-130,75
106573,-886,188,-163,75
106614,-904,166,-191,75
106655,-934,135,-225,75
106696,-952,21,-254,75
106737,-1016,-10,-254,75
106778,-1246,-130,-148,75
106820,-1174,-197,-8,76
106861,-928,-26,-47,76
106902,-912,126,-93,76
106943,-973,134,-18,76
106985,-1046,94,49,76
107026,-1042,2,13,76
107067,-940,35,-26,76
107108,-898,72,-70,76
107149,-914,121,-112,76
107191,-953,239,-195,76
107232,-954,304,-270,76
107273,-965,369,-344,76
107314,-999,354,-371,76
107355,-1094,330,-317,76
107396,-1155,344,-247,77
107438,-1159,221,-193,77
107479,-1236,111,-145,77
107520,-1246,172,-105,77
107561,-1146,285,-93,77
107602,-1131,161,-98,77
107644,-1193,37,-36,77
107685,-1266,13,51,77
107726,-1146,35,116,77
107767,-944,-28,51,77
107808,-831,-134,-73,77
107850,-733,-313,-162,77
107891,-815,-18,-71,77
107932,-819,99,-107,77
107973,-832,49,-172,77
108014,-889,-24,-161,77
108056,-968,-143,-143,77
108097,-1203,-213,-169,77
108138,-1208,-214,-9,78
108179,-973,-21,-121,78
108220,-1068,235,-295,78
108262,-1136,329,-160,78
108303,-1126,165,-57,78
108344,-969,-130,-159,78
108385,-892,-99,-184,78
108426,-887,82,-87,78
108467,-917,93,-81,78
108509,-905,194,-138,78
108550,-911,245,-168,78
108591,-965,308,-208,78
108632,-1056,360,-225,78
108676,-1129,346,-170,78
108718,-1188,246,-114,79
108759,-1390,175,-86,79
108800,-1209,286,-10,79
108841,-1053,110,-76,79
108882,-1060,31,-95,79
108923,-1152,145,-8,79
108964,-1236,183,39,79
109005,-1164,235,76,79
109046,-1077,175,73,79
109087,-986,50,36,79
109128,-895,-18,11,79
109169,-848,-45,5,79
109210,-795,-63,-67,79
109251,-788,-102,-88,79
109292,-884,-125,-95,79
109333,-951,-85,-130,79
109374,-1046,-85,-205,79
109415,-1196,-105,-162,79
109456,-1088,-8,-23,80
109497,-1001,147,-91,80
109538,-1066,186,-163,80
109579,-1168,353,-93,80
109621,-1162,393,-31,80
109662,-1024,259,21,80
109703,-904,206,-41,80
109744,-858,173,-87,80
109785,-882,186,-117,80
109826,-920,255,-166,80
109868,-971,326,-277,80
109909,-1027,371,-375,80
109950,-1074,373,-367,80
109991,-1147,309,-184,81
110032,-1102,200,-81,81
110074,-1079,17,-41,81
110115,-1139,-109,-38,81
110156,-1064,145,17,81
110197,-1011,260,-35,81
110238,-1050,217,-31,81
110279,-1108,144,31,81
110320,-1169,140,17,81
110361,-1124,232,32,81
110402,-1045,201,69,81
110443,-969,45,38,81
110484,-879,-13,-5,81
110526,-821,-68,-16,81
110567,-831,-86,-52,81
110608,-854,-66,-87,81
110650,-887,-53,-71,81
110691,-904,-56,-88,81
110732,-972,-44,-177,81
110774,-1204,-94,-143,81
110815,-1272,-33,-11,82
110856,-1098,166,-83,82
110897,-973,330,-256,82
110938,-968,416,-286,82
110980,-1061,404,-101,82
111021,-1157,278,61,82
111062,-1031,234,-27,82
111103,-901,207,-120,82
111144,-866,203,-186,82
111185,-921,219,-197,82
111227,-1003,237,-206,82
111268,-1010,203,-200,82
111309,-964,154,-174,82
111350,-965,101,-105,82
111391,-1083,44,57,82
111433,-1128,-54,176,82
111474,-1089,-76,126,82
111515,-1092,-80,129,82
111556,-1023,-171,96,82
111597,-793,115,236,82
111639,-848,-33,324,82
111680,-899,-18,382,82
111721,-1045,9,326,82
111762,-1123,118,272,82
111803,-1186,305,250,82
111844,-1208,356,246,83
111886,-1185,297,258,83
111927,-1142,142,245,83
111968,-1104,3,241,83
112009,-990,-78,243,83
112050,-900,-116,161,83
112091,-860,-124,168,83
112132,-848,-115,204,83
112173,-842,-67,119,83
112214,-1056,-70,44,83
112255,-1153,-47,42,83
112297,-973,-69,36,83
112338,-997,-131,-47,83
112379,-1022,6,-203,83
112420,-1066,46,-227,83
112461,-1138,-105,-137,83
112502,-1021,-209,-182,83
112543,-866,-257,-266,83
112584,-843,-169,-262,83
112625,-856,-75,-226,83
112666,-887,13,-187,83
112707,-887,77,-182,83
112748,-902,111,-131,83
112789,-930,168,-107,83
112830,-1022,217,-99,83
112871,-1116,222,-61,83
112912,-1282,171,-103,83
112953,-1319,245,-125,84
112994,-1132,321,-83,84
113035,-1011,110,-169,84
113076,-965,13,-126,84
113117,-1052,29,-27,84
113158,-1140,72,24,84
113199,-1095,182,81,84
113240,-1032,132,69,84
113281,-936,23,5,84
113323,-870,-3,11,84
113364,-844,-30,-6,84
113405,-911,-85,0,84
113446,-1007,-94,14,84
113487,-1044,-102,-3,84
113529,-1087,-188,-59,84
113570,-1203,-233,-68,84
113612,-985,-70,-89,85
113653,-958,44,-225,85
113694,-1032,227,-299,85
113735,-1017,301,-307,85
113776,-974,185,-234,85
113820,-875,43,-122,85
113861,-846,-14,-71,85
113902,-843,38,-106,85
113944,-849,116,-140,85
113985,-842,144,-175,85
114026,-909,173,-262,85
114067,-994,200,-309,85
114108,-1144,215,-273,85
114150,-1228,193,-178,86
114191,-1376,105,-215,86
114232,-1215,286,-186,86
114273,-1048,310,-126,86
114314,-1013,49,-100,86
114356,-1059,-4,-48,86
114397,-1175,55,-5,86
114438,-1152,163,46,86
114479,-1057,210,91,86
114520,-970,49,10,86
114562,-899,-39,-4,86
114603,-824,-76,-2,86
114644,-790,-111,-30,86
114685,-803,-115,-91,86
114726,-854,-99,-103,86
114768,-938,-104,-109,86
114809,-1040,-39,-210,86
114850,-1272,-72,-132,86
114891,-1221,-38,36,87
114932,-995,156,-103,87
114974,-1066,242,-238,87
115015,-1105,393,-106,87
115056,-1053,285,-32,87
115097,-917,70,-25,87
115138,-860,0,-1,87
115179,-853,8,-32,87
115221,-890,108,-66,87
115262,-918,203,-144,87
115303,-927,258,-261,87
115344,-960,274,-350,87
115386,-1077,269,-370,87
115427,-1175,225,-232,87
115469,-1338,97,-190,88
115510,-1264,182,-122,88
115551,-1083,228,-83,88
115593,-1014,90,-57,88
115634,-991,-24,-12,88
115675,-1070,-2,4,88
115716,-1170,82,48,88
115757,-1123,250,133,88
115799,-1019,211,148,88
115840,-949,82,88,88
115881,-870,-10,44,88
115922,-839,-43,36,88
115963,-822,-65,18,88
116005,-818,-76,-17,88
116046,-885,-131,-37,88
116087,-967,-203,-72,88
116128,-1049,-143,-183,88
116169,-1230,-91,-156,88
116211,-1287,-60,-48,89
116252,-1091,154,-62,89
116293,-1065,279,-151,89
116334,-1126,308,-142,89
116375,-1086,203,-35,89
116417,-1001,74,-26,89
116458,-871,28,-35,89
116499,-822,14,-37,89
116540,-855,66,-57,89
116581,-897,101,-73,89
116623,-945,159,-83,89
116664,-971,195,-153,89
116705,-938,179,-253,89
116746,-993,153,-208,89
116787,-1113,116,-188,89
116828,-1315,110,-167,89
116869,-1058,222,-146,90
116910,-913,-17,-208,90
116951,-1126,-115,-119,90
116992,-1222,25,29,90
117033,-1181,31,139,90
117074,-1063,12,85,90
117116,-938,-108,-35,90
117157,-902,-157,-50,90
117198,-953,-167,-19,90
117239,-1010,-231,-48,90
117280,-1089,-248,-61,90
117322,-1101,-218,-45,90
117363,-1091,-286,-20,90
117404,-956,-280,-15,90
117445,-923,-244,-73,90
117486,-1016,-110,-45,90
117528,-1097,-22,47,90
117569,-1105,47,114,90
117610,-1078,106,155,90
117651,-1054,147,182,90
117692,-974,155,175,90
117734,-908,107,123,90
117775,-899,90,91,90
117816,-924,113,107,90
117857,-959,142,56,90
117898,-1015,255,-34,90
117940,-989,271,-77,90
117981,-1070,341,-320,90
118022,-1162,314,-607,90
118063,-1149,111,-409,91
118104,-1153,34,-278,91
118146,-1115,95,-190,91
118187,-1037,116,-83,91
118228,-1036,78,-120,91
118269,-1029,105,-46,91
118310,-1002,115,11,91
118352,-960,122,26,91
118393,-951,96,22,91
118434,-979,123,46,91
118475,-1022,159,40,91
118516,-1052,221,7,91
118558,-1036,273,-27,91
118599,-988,290,-124,91
118640,-946,300,-208,91
118681,-915,294,-238,91
118722,-907,239,-220,91
118764,-894,179,-193,91
118805,-891,156,-193,91
118846,-1034,33,-125,91
118887,-1148,-135,48,91
118928,-1018,-77,70,91
118973,-1023,-60,-200,91
119014,-1009,-26,-284,91
119055,-1020,-58,-195,91
119096,-1015,-168,-84,91
119137,-963,-125,-76,91
119179,-933,-72,-150,91
119220,-975,22,-146,91
119261,-998,123,-219,91
119302,-994,201,-287,91
119343,-955,219,-338,91
119385,-872,154,-429,91
119427,-837,136,-476,91
119468,-910,156,-453,91
119509,-1090,135,-335,91
119550,-1188,83,-251,91
119591,-1320,34,-237,92
119633,-1167,113,-182,92
119674,-1016,124,-233,92
119715,-947,120,-151,92
119756,-1022,22,-55,92
119797,-1252,10,54,92
119838,-1315,88,159,92
119880,-1237,63,223,92
119921,-1113,-35,145,92
119962,-954,-142,50,92
120003,-883,-167,-15,92
120044,-866,-162,-106,92
120086,-884,-150,-168,92
120127,-906,-91,-196,92
120168,-1005,-98,-223,92
120209,-1046,-117,-232,92
120250,-1199,-168,-208,92
120291,-1308,-178,-92,93
120333,-1028,20,-160,93
120374,-997,155,-291,93
120415,-1085,291,-274,93
120456,-1107,345,-66,93
120497,-997,202,-9,93
120539,-860,47,-3,93
120580,-810,-22,44,93
120621,-833,116,19,93
120662,-901,205,-29,93
120703,-929,279,-58,93
120745,-985,287,-203,93
120786,-1112,306,-335,93
120827,-1187,348,-307,94
120868,-1320,203,-235,94
120909,-1342,90,-197,94
120951,-1080,235,-100,94
120992,-1023,137,-83,94
121033,-1026,20,-47,94
121074,-1080,57,0,94
121115,-1093,145,18,94
121157,-1051,275,61,94
121198,-1002,233,73,94
121239,-931,119,41,94
121280,-879,57,11,94
121321,-878,-59,-3,94
121363,-871,-88,-33,94
121404,-931,-131,-35,94
121445,-1013,-240,-24,94
121486,-1026,-214,-57,94
121527,-1253,-184,-116,94
121568,-1173,-88,30,95
121609,-1079,42,13,95
121650,-1121,187,-72,95
121691,-1105,379,-97,95
121732,-963,305,-100,95
121773,-867,68,-70,95
121814,-859,58,-11,95
121855,-878,172,-34,95
121896,-947,206,-85,95
121937,-952,283,-146,95
121979,-896,306,-297,95
122020,-889,295,-380,95
122061,-1050,300,-355,95
122102,-1158,312,-164,95
122143,-1346,166,-130,96
122184,-1436,125,-86,96
122225,-1153,214,3,96
122266,-1114,1,-11,96
122307,-1146,-50,-57,96
122348,-1193,8,68,96
122390,-1178,2,181,96
122431,-1071,-1,228,96
122472,-980,-40,127,96
122513,-927,-72,80,96
122554,-853,-141,40,96
122596,-812,-139,8,96
122637,-837,-92,-19,96
122678,-924,-77,-58,96
122719,-972,-61,-60,96
122760,-952,-26,-89,96
122802,-1006,-18,-162,96
122843,-1197,-95,-81,96
122884,-1312,-96,74,97
122925,-1218,120,138,97
122966,-1109,260,27,97
123007,-1076,267,-22,97
123048,-1078,145,67,97
123089,-1042,29,95,97
123130,-942,-82,75,97
123171,-947,-165,15,97
123212,-949,-150,-62,97
123253,-961,-114,-130,97
123294,-944,-37,-152,97
123335,-909,-92,-124,97
123376,-949,-49,-101,97
123418,-923,-76,47,97
123459,-937,-42,40,97
123500,-929,-41,145,97
123541,-942,9,140,97
123582,-989,88,41,97
123624,-1026,177,-22,97
123665,-1075,175,-70,97
123706,-1306,124,-187,97
123747,-1294,112,-186,98
123790,-999,46,-268,98
123832,-898,-47,-414,98
123873,-1057,0,-272,98
123915,-1226,29,-54,98
123956,-1228,2,51,98
123997,-1092,-74,43,98
124039,-966,-172,-21,98
124080,-871,-209,-29,98
124124,-825,-281,-52,98
124165,-865,-164,-94,98
124206,-924,-113,-93,98
124248,-990,-136,-112,98
124289,-1121,-189,-161,98
124331,-1279,-215,-237,98
124372,-1300,-295,-330,99
124413,-1176,-237,-202,99
124454,-797,-301,-117,99
124496,-879,-406,-183,99
124537,-910,-134,75,99
124578,-885,-167,160,99
124619,-822,-137,77,99
124661,-884,-78,78,99
124702,-909,-35,19,99
124743,-955,38,-82,99
124784,-972,129,-142,99
124825,-933,146,-287,99
124867,-917,81,-400,99
124908,-1052,66,-321,99
124949,-1170,42,-195,99
124990,-1290,-76,-218,100
125031,-1413,-25,-167,100
125073,-1119,81,-113,100
125114,-926,-150,-228,100
125155,-975,-199,-168,100
125196,-1147,-116,-36,100
125237,-1139,-24,79,100
125278,-1006,-6,111,100
125320,-853,-119,-7,100
125361,-791,-207,-69,100
125402,-824,-142,-19,100
125443,-882,-123,-26,100
125485,-908,-152,-45,100
125526,-984,-222,-83,100
125567,-1023,-270,-132,100
125608,-1305,-303,-196,100
125649,-1309,-281,-26,101
125691,-946,-14,-179,101
125732,-978,181,-295,101
125773,-1014,231,-154,101
125814,-934,73,-60,101
125855,-837,-163,-101,101
125897,-807,-130,0,101
125938,-872,17,52,101
125980,-917,67,20,101
126021,-902,165,-63,101
126062,-916,218,-146,101
126104,-1038,235,-232,101
126145,-1157,215,-155,101
126186,-1163,120,-91,102
126227,-1388,-105,-132,102
126268,-1206,17,-5,102
126309,-1000,76,-84,102
126350,-1051,-18,-97,102
126391,-1179,28,11,102
126432,-1200,68,62,102
126473,-1115,117,85,103
126514,-1033,48,87,103
126556,-949,-3,11,103
126597,-892,-21,5,103
126638,-885,2,35,103
126679,-928,36,11,103
126720,-936,189,116,103
126762,-964,272,126,103
126803,-950,310,-13,103
126844,-969,453,-89,103
126885,-1121,399,-37,103
126926,-1055,640,78,104
126968,-884,794,-7,104
127009,-880,770,-35,104
127050,-905,744,83,104
127091,-762,786,47,104
127132,-547,784,44,104
127173,-509,1023,300,104
127215,-395,917,-337,105
127256,44,546,-430,105
127297,-51,953,-332,105
127338,271,886,-326,105
127380,330,977,-220,105
127422,460,844,-366,105
127463,481,538,-408,105
127504,617,395,-358,105
127545,552,217,-287,105
127587,689,255,-494,105
127628,700,294,-559,105
127669,688,16,-597,105
127710,604,23,-683,105
127751,507,-124,-637,105
127792,270,-147,-646,105
127835,326,57,-628,105
127876,368,72,-664,105
127917,376,60,-831,105
127958,483,-7,-1041,105
128001,518,76,-1020,105
128044,591,303,-1078,105
128085,532,336,-748,106
128126,301,103,-887,106
128167,362,290,-834,106
128208,353,192,-786,106
128250,388,311,-919,106
128292,373,258,-802,106
128333,511,311,-829,106
128374,510,245,-906,106
128415,547,253,-1068,106
128456,617,378,-1071,107
128498,594,419,-923,107
128539,574,456,-912,107
128580,612,374,-1098,107
128621,504,426,-714,107
128662,329,215,-939,107
128704,862,723,-1600,107
128745,489,255,-709,108
128786,461,171,-570,108
128827,596,141,-1038,108
128868,572,152,-804,108
128909,600,30,-884,108
128951,455,-24,-846,108
128992,158,95,-923,108
129033,328,265,-1066,108
129074,499,373,-985,108
129115,637,352,-883,108
129156,439,9,-872,108
129197,303,174,-762,108
129238,359,-65,-1099,108
129282,304,144,-967,108
129323,449,164,-917,108
129365,213,-111,-1059,108
129406,226,-168,-1006,108
129447,235,-68,-921,108
129488,226,-9,-1056,108
129529,301,356,-1046,108
129571,140,44,-1022,108
129612,116,71,-1020,108
129653,78,144,-957,108
129694,104,58,-1012,108
129735,106,59,-1014,108
129776,119,57,-1018,108
129817,106,57,-1015,108
129858,109,60,-1014,108
129899,116,57,-1018,108
129940,104,60,-1014,108
129981,112,58,-1017,108
130022,115,58,-1017,108
130063,105,58,-1012,108
130104,110,58,-1014,108
130145,110,57,-1015,108
130186,107,60,-1014,108
130227,114,57,-1015,108
130269,111,57,-1015,108
130310,106,60,-1014,108
130351,113,55,-1016,108
130392,109,59,-1015,108
130433,115,57,-1016,108
130474,104,57,-1013,108
130516,113,60,-1015,108
130557,117,54,-1018,108
130598,104,61,-1011,108
130639,110,59,-1015,108
130681,116,57,-1017,108
130722,107,59,-1012,108
130763,110,58,-1015,108
130804,115,56,-1018,108
130845,108,59,-1014,108
130887,109,58,-1015,108
130928,112,58,-1015,108
130969,106,59,-1014,108
131010,111,57,-1015,108
131051,113,58,-1016,108
131093,108,57,-1015,108
131134,112,58,-1015,108
131175,110,56,-1016,108
131216,109,58,-1015,108
131257,110,57,-1016,108
131299,109,57,-1015,108
131340,111,57,-1014,108
131381,111,58,-1015,108
131422,107,58,-1015,108
131463,114,57,-1016,108
131505,104,57,-1014,108
131546,111,58,-1015,108
131587,116,57,-1017,108
131628,107,57,-1014,108
131669,109,61,-1013,108
131710,109,56,-1017,108
131752,108,60,-1014,108
131793,109,59,-1015,108
131834,109,58,-1015,108
131875,110,59,-1013,108
131916,110,55,-1016,108
131958,109,59,-1014,108
131999,111,56,-1017,108
132040,110,59,-1015,108
132081,108,57,-1015,108
132122,112,58,-1015,108
132163,109,57,-1014,108
132204,107,59,-1014,108
132245,113,56,-1016,108
132286,111,59,-1014,108
132327,106,59,-1013,108
132368,114,58,-1017,108
132410,111,58,-1015,108
132451,106,58,-1014,108
132492,113,58,-1015,108
132533,109,57,-1015,108
132575,108,59,-1014,108
132617,114,56,-1017,108
132658,107,60,-1012,108
132699,114,55,-1018,108
132740,110,59,-1014,108
132781,104,58,-1013,108
132823,113,59,-1016,108
132864,111,58,-1014,108
132905,104,59,-1013,108
132946,116,57,-1018,108
132988,117,57,-1017,108
133029,102,57,-1013,108
133071,118,59,-1016,108
133112,109,58,-1014,108
133153,102,60,-1013,108
133194,112,58,-1017,108
133235,115,57,-1017,108
133277,110,56,-1016,108
133318,110,57,-1016,108
133359,113,58,-1015,108
133400,110,58,-1014,108
133441,109,56,-1015,108
133483,110,57,-1015,108
133524,109,57,-1015,108
133565,113,57,-1015,108
133607,111,57,-1015,108
133648,107,56,-1015,108
133689,113,59,-1014,108
133730,110,58,-1014,108
133771,107,57,-1014,108
133812,115,56,-1017,108
133853,111,57,-1015,108
133894,103,59,-1013,108
133935,114,58,-1015,108
133976,114,57,-1017,108
134017,106,58,-1014,108
134058,112,57,-1015,108
134099,112,58,-1015,108
134141,108,59,-1014,108
134182,111,57,-1015,108
134223,111,58,-1015,108
134264,108,58,-1014,108
134305,111,57,-1015,108
134346,110,58,-1015,108
134387,109,59,-1014,108
134433,112,57,-1015,108
134474,109,58,-1015,108
134515,109,57,-1015,108
134556,111,59,-1014,108
134598,111,59,-1014,108
134639,109,58,-1015,108
134680,113,58,-1015,108
134721,109,58,-1015,108
134762,110,58,-1015,108
134803,110,58,-1016,108
134845,109,58,-1015,108
134886,110,58,-1015,108
134927,111,58,-1016,108
134968,109,58,-1015,108
135009,109,57,-1016,108
135051,109,58,-1015,108
135092,111,57,-1015,108
135133,110,56,-1016,108
135174,111,58,-1015,108
135215,108,58,-1014,108
135256,109,57,-1015,108
135297,112,58,-1017,108
135338,110,56,-1016,108
135379,110,60,-1015,108
135420,108,55,-1015,108
135461,111,59,-1014,108
135502,112,59,-1016,108
135543,107,56,-1014,108
135584,116,55,-1018,108
135625,112,60,-1016,108
135666,104,58,-1014,108
135708,118,56,-1018,108
135750,108,59,-1015,108
135791,107,56,-1015,108
135832,117,60,-1015,108
135873,105,56,-1014,108
135915,112,54,-1016,108
135957,114,58,-1017,108
135998,105,55,-1015,108
136039,115,57,-1017,108
136080,108,57,-1016,108
136121,106,60,-1013,108
136163,115,59,-1016,108
136205,105,57,-1014,108
136246,107,60,-1013,108
136287,117,57,-1016,108
136328,103,59,-1012,108
136369,112,57,-1014,108
136410,120,58,-1016,108
136452,104,61,-1013,108
136493,107,56,-1016,108
136534,118,60,-1017,108
136575,106,58,-1015,108
136616,107,59,-1014,108
136658,117,54,-1018,108
136699,108,59,-1014,108
136740,104,58,-1012,108
136781,116,59,-1016,108
136822,111,57,-1015,108
136863,108,57,-1014,108
136906,111,57,-1015,108
136947,108,58,-1014,108
136988,111,57,-1015,108
137029,112,56,-1017,108
137071,107,59,-1014,108
137112,111,56,-1015,108
137153,112,57,-1015,108
137194,108,58,-1015,108
137235,112,58,-1015,108
137276,109,57,-1015,108
137318,109,58,-1016,108
137359,113,57,-1015,108
137400,108,57,-1015,108
137441,109,60,-1013,108
137482,110,56,-1017,108
137524,109,59,-1014,108
137565,108,58,-1016,108
137606,111,58,-1014,108
137647,109,57,-1015,108
137688,115,57,-1015,108
137729,108,57,-1015,108
137770,110,60,-1015,108
137811,114,56,-1016,108
137852,108,60,-1013,108
137893,108,59,-1013,108
137934,110,58,-1016,108
137975,111,59,-1014,108
138016,109,59,-1013,108
138057,110,59,-1014,108
138098,109,57,-1015,108
138139,110,57,-1015,108
138180,110,57,-1016,108
138221,110,57,-1014,108
138262,110,59,-1015,108
138303,110,55,-1016,108
138344,111,60,-1014,108
138385,112,53,-1016,108
138426,108,62,-1012,108
138468,108,56,-1016,108
138509,115,60,-1015,108
138550,109,56,-1015,108
138591,108,59,-1014,108
138632,111,59,-1016,108
138673,110,58,-1015,108
138714,109,57,-1014,108
138755,111,60,-1015,108
138796,110,57,-1015,108
138837,109,60,-1014,108
138878,112,58,-1016,108
138920,112,57,-1015,108
138961,109,59,-1014,108
139002,110,57,-1014,108
139043,110,58,-1019,108
139084,111,60,-1014,108
139125,106,58,-1014,108
139167,112,58,-1016,108
139208,113,56,-1015,108
139249,108,58,-1014,108
139290,113,56,-1015,108
139331,108,58,-1014,108
139372,110,58,-1015,108
139413,111,57,-1016,108
139454,109,58,-1015,108
139495,113,56,-1017,108
139536,109,60,-1014,108
139581,105,59,-1013,108
139622,111,56,-1017,108
139663,113,57,-1015,108
139704,106,59,-1012,108
139745,108,59,-1015,108
139786,118,56,-1018,108
139828,108,56,-1014,108
139869,106,58,-1015,108
139910,118,58,-1018,108
139951,108,57,-1014,108
139992,106,59,-1012,108
140034,116,59,-1015,108
140075,108,56,-1014,108
140116,110,60,-1015,108
140157,111,52,-1017,108
140198,108,59,-1014,108
140239,111,57,-1016,108
140280,114,56,-1017,108
140322,113,56,-1016,108
140363,106,60,-1012,108
140404,111,56,-1016,108
140445,111,57,-1018,108
140487,108,59,-1014,108
140528,109,59,-1016,108
140569,107,61,-1012,108
140610,109,57,-1014,108
140651,116,60,-1016,108
140692,106,56,-1014,108
140734,108,61,-1013,108
140775,116,58,-1017,108
140816,104,59,-1012,108
140857,109,61,-1014,108
140898,113,57,-1015,108
140940,106,58,-1013,108
140981,113,56,-1016,108
141022,109,63,-1013,108
141063,106,58,-1014,108
141104,114,58,-1015,108
141145,107,56,-1014,108
141186,109,60,-1014,108
141228,113,55,-1017,108
141269,112,58,-1014,108
141310,105,59,-1014,108
141351,108,57,-1015,108
141392,113,61,-1015,108
141434,108,58,-1014,108
141475,106,58,-1011,108
141516,111,61,-1014,108
141557,113,56,-1016,108
141598,108,58,-1014,108
141640,113,56,-1017,108
141681,112,57,-1016,108
141722,109,62,-1013,108
141763,108,56,-1015,108
141804,111,58,-1015,108
141846,108,57,-1016,108
141887,109,57,-1014,108
141928,114,58,-1016,108
141969,112,57,-1016,108
142010,108,57,-1014,108
142051,109,58,-1015,108
142092,112,57,-1016,108
142133,109,58,-1016,108
142174,109,58,-1014,108
142215,113,57,-1016,108
142256,108,58,-1014,108
142297,110,57,-1015,108
142338,111,54,-1016,108
142379,110,61,-1014,108
142420,109,57,-1015,108
142461,114,60,-1015,108
142503,110,55,-1015,108
142546,108,61,-1013,108
142587,110,56,-1016,108
142628,111,59,-1015,108
142669,111,57,-1015,108
142710,109,58,-1016,108
142751,113,57,-1015,108
142794,113,57,-1016,108
142835,107,57,-1013,108
142876,111,59,-1014,108
142917,114,56,-1018,108
142959,108,58,-1015,108
143001,108,57,-1014,108
143042,115,58,-1016,108
143083,110,57,-1013,108
143124,107,59,-1014,108
143165,111,56,-1016,108
143206,112,58,-1015,108
143249,108,59,-1013,108
143290,113,58,-1015,108
143331,109,57,-1016,108
143372,107,60,-1013,108
143414,114,55,-1018,108
143455,110,59,-1013,108
143496,111,58,-1015,108
143537,110,54,-1018,108
143578,111,60,-1015,108
143619,109,58,-1014,108
143661,108,57,-1015,108
143702,112,58,-1016,108
143743,106,60,-1012,108
143784,109,57,-1017,108
143825,114,58,-1016,108
143867,109,57,-1014,108
143908,110,59,-1014,108
143949,111,55,-1017,108
143990,114,56,-1015,108
144031,108,62,-1013,108
144072,108,55,-1015,108
144114,113,59,-1016,108
144155,106,57,-1015,108
144196,111,58,-1015,108
144237,113,56,-1016,108
144278,108,57,-1013,108
144320,111,59,-1015,108
144361,111,57,-1017,108
144402,109,58,-1014,108
144443,113,58,-1016,108
144484,110,58,-1014,108
144526,109,59,-1014,108
144567,112,57,-1014,108
144608,110,57,-1015,108
144649,109,58,-1014,108
144690,110,56,-1016,108
144735,110,58,-1014,108
144776,110,58,-1015,108
144817,111,57,-1016,108
144858,110,59,-1015,108
144899,109,58,-1014,108
144940,111,56,-1015,108
144981,110,57,-1015,108
145022,109,58,-1015,108
145063,112,57,-1016,108
145104,111,57,-1015,108
145145,109,57,-1015,108
145186,111,58,-1015,108
145227,110,57,-1016,108
145268,109,58,-1016,108
145309,109,58,-1014,108
145350,109,59,-1015,108
145391,110,58,-1016,108
145432,109,57,-1014,108
145473,110,58,-1015,108
145514,110,57,-1015,108
145556,110,58,-1015,108
145597,110,57,-1015,108
145638,110,58,-1015,108
145679,110,58,-1015,108
145720,109,58,-1014,108
145762,111,58,-1016,108
145803,110,58,-1015,108
145844,112,56,-1015,108
145885,110,58,-1015,108
145926,110,58,-1014,108
145967,111,57,-1014,108
146008,109,57,-1016,108
146049,110,57,-1014,108
146090,110,57,-1015,108
146131,109,58,-1015,108
146172,110,59,-1015,108
146213,110,59,-1015,108
146254,110,58,-1014,108
146295,110,58,-1016,108
146336,110,57,-1015,108
146377,109,58,-1013,108
146419,109,58,-1015,108
146460,110,59,-1015,108
146501,109,57,-1014,108
146542,110,58,-1014,108
146583,110,57,-1015,108
146625,111,58,-1015,108
146666,108,58,-1014,108
146707,110,58,-1015,108
146748,110,57,-1015,108
146789,109,58,-1014,108
146831,110,57,-1015,108
146872,109,57,-1015,108
146913,110,58,-1016,108
146954,111,57,-1015,108
146995,110,57,-1015,108
147037,111,59,-1015,108
147078,109,58,-1015,108
147119,110,57,-1015,108
147160,110,58,-1015,108
147201,110,59,-1015,108
147243,110,57,-1014,108
147284,109,58,-1014,108
147325,111,57,-1014,108
147366,109,58,-1014,108
147407,110,57,-1015,108
147448,109,58,-1016,108
147490,111,58,-1015,108
147531,109,58,-1013,108
147572,110,58,-1014,108
147613,111,57,-1016,108
147654,108,57,-1016,108
147696,110,57,-1015,108
147737,110,59,-1015,108
147778,109,58,-1015,108
147819,110,59,-1015,108
147860,110,57,-1015,108
147902,109,58,-1015,108
147943,111,58,-1015,108
147984,110,58,-1016,108
148025,110,58,-1015,108
148066,111,57,-1015,108
148108,110,57,-1016,108
148149,110,58,-1015,108
148190,110,58,-1016,108
148231,110,58,-1015,108
148272,109,58,-1014,108
148314,110,58,-1015,108
148355,109,57,-1015,108
148396,110,58,-1015,108
148437,110,58,-1015,108
148478,110,58,-1016,108
148520,110,58,-1015,108
148561,110,57,-1016,108
148602,109,58,-1015,108
148643,110,57,-1015,108
148684,109,57,-1015,108
148726,110,59,-1016,108
148767,110,58,-1015,108
148808,109,58,-1015,108
148849,110,57,-1015,108
148890,109,57,-1015,108
148932,110,57,-1015,108
148974,110,58,-1016,108
149015,110,58,-1016,108
149056,111,58,-1015,108
149097,110,57,-1015,108
149138,110,57,-1015,108
149179,110,58,-1015,108
149220,110,57,-1015,108
149261,110,58,-1015,108
149302,110,58,-1015,108
149343,110,59,-1014,108
149384,110,57,-1015,108
149425,110,58,-1015,108
149466,110,57,-1015,108
149507,111,58,-1015,108
149548,110,58,-1015,108
149589,110,57,-1015,108
149630,111,58,-1015,108
149672,109,57,-1015,108
149713,110,58,-1015,108
149754,111,57,-1015,108
149795,110,57,-1015,108
149836,109,58,-1015,108
149881,110,58,-1015,108
149922,111,58,-1015,108
149963,110,58,-1015,108
150004,111,57,-1014,108
150045,110,57,-1014,108
150086,110,58,-1015,108
150127,109,59,-1015,108
150169,109,58,-1015,108
150210,110,58,-1015,108
150251,110,58,-1015,108
150292,110,57,-1014,108
150333,110,58,-1015,108
150375,109,58,-1015,108
150416,110,58,-1015,108
150457,110,57,-1015,108
150498,111,58,-1015,108
150539,110,57,-1015,108
150581,109,57,-1015,108
150622,111,58,-1015,108
150663,110,58,-1015,108
150704,110,57,-1015,108
150745,110,58,-1014,108
150787,109,57,-1015,108
150828,109,58,-1016,108
150869,110,56,-1015,108
150910,109,57,-1015,108
150951,110,58,-1015,108
150992,110,59,-1016,108
151034,110,57,-1014,108
151075,110,57,-1014,108
151116,110,58,-1015,108
151157,111,57,-1016,108
151198,110,57,-1015,108
151240,110,58,-1015,108
151281,110,57,-1015,108
151322,109,57,-1015,108
151363,110,58,-1015,108
151404,110,58,-1015,108
151445,109,58,-1015,108
151487,110,58,-1016,108
151528,110,58,-1015,108
151569,109,58,-1015,108
151610,110,58,-1016,108
151651,110,58,-1015,108
151693,110,58,-1015,108
151734,110,58,-1014,108
151775,109,59,-1016,108
151816,109,58,-1014,108
151857,110,58,-1015,108
151898,110,57,-1015,108
151940,109,57,-1015,108
151981,110,57,-1015,108
152022,110,59,-1015,108
152063,110,58,-1014,108
152104,110,58,-1015,108
152147,110,58,-1015,108
152188,110,58,-1016,108
152229,110,58,-1015,108
152270,110,58,-1015,108
152311,110,57,-1017,108
152352,110,56,-1015,108
152393,110,58,-1016,108
152435,110,57,-1016,108
152476,110,58,-1014,108
152517,109,58,-1015,108
152559,109,58,-1014,108
152600,111,58,-1016,108
152641,110,57,-1015,108
152682,109,58,-1014,108
152723,109,58,-1015,108
152764,110,58,-1015,108
152805,111,57,-1014,108
152847,109,57,-1015,108
152888,110,58,-1014,108
152929,110,58,-1015,108
152970,109,58,-1015,108
153011,109,58,-1015,108
153052,109,57,-1016,108
153094,110,59,-1015,108
153135,110,57,-1016,108
153176,110,58,-1016,108
153217,110,58,-1014,108
153258,110,57,-1014,108
153300,109,58,-1015,108
153341,110,57,-1015,108
153382,109,56,-1014,108
153423,110,57,-1015,108
153464,110,58,-1014,108
153505,108,59,-1014,108
153547,109,58,-1014,108
153588,111,58,-1018,108
153629,109,58,-1015,108
153670,110,57,-1014,108
153711,111,57,-1016,108
153753,109,57,-1015,108
153794,109,58,-1015,108
153835,111,57,-1014,108
153876,111,58,-1015,108
153917,109,57,-1015,108
153959,109,57,-1014,108
154000,110,58,-1015,108
154041,109,58,-1015,108
154082,109,58,-1015,108
154123,110,58,-1016,108
154164,110,58,-1014,108
154206,110,57,-1015,108
154247,109,57,-1015,108
154288,109,58,-1016,108
154329,110,57,-1015,108
154370,110,58,-1016,108
154411,109,57,-1014,108
154452,110,58,-1014,108
154493,110,57,-1015,108
154534,110,58,-1015,108
154575,109,58,-1013,108
154617,110,58,-1014,108
154658,110,57,-1015,108
154699,109,58,-1014,108
154740,110,56,-1015,108
154781,112,58,-1015,108
154823,110,57,-1016,108
154864,110,57,-1015,108
154905,111,57,-1014,108
154946,110,57,-1015,108
154987,111,57,-1015,108
155032,110,59,-1014,108
155073,110,58,-1015,108
155114,109,58,-1016,108
155155,109,58,-1014,108
155196,110,58,-1015,108
155238,110,60,-1014,108
155279,109,58,-1014,108
155320,109,58,-1014,108
155361,109,57,-1016,108
155402,110,57,-1015,108
155444,109,58,-1015,108
155485,109,58,-1016,108
155526,110,58,-1015,108
155567,110,58,-1015,108
155608,109,58,-1014,108
155650,109,58,-1013,108
155691,110,58,-1015,108
155732,109,57,-1015,108
155773,110,58,-1015,108
155814,111,57,-1017,108
155856,110,58,-1015,108
155897,109,57,-1015,108
155938,110,59,-1014,108
155979,110,57,-1015,108
156020,109,57,-1016,108
156063,111,57,-1014,108
156104,109,58,-1015,108
156145,109,58,-1015,108
156186,110,58,-1015,108
156227,109,57,-1016,108
156268,110,57,-1015,108
156310,110,57,-1015,108
156351,109,57,-1015,108
156392,110,57,-1014,108
156433,109,57,-1015,108
156475,109,57,-1016,108
156517,111,58,-1014,108
156558,111,58,-1015,108
156599,110,57,-1014,108
156640,110,58,-1015,108
156681,109,57,-1014,108
156723,110,58,-1015,108
156764,109,58,-1015,108
156805,111,58,-1014,108
156846,110,57,-1015,108
156887,110,57,-1015,108
156929,111,58,-1014,108
156970,111,58,-1015,108
157011,110,58,-1015,108
157052,111,58,-1015,108
157093,109,57,-1014,108
157135,110,57,-1014,108
157176,110,56,-1014,108
157217,110,57,-1015,108
157258,109,57,-1013,108
157299,110,58,-1015,108
157340,109,57,-1015,108
157382,110,58,-1014,108
157423,111,57,-1015,108
157464,109,58,-1015,108
157505,110,58,-1015,108
157547,110,58,-1014,108
157588,110,57,-1014,108
157629,111,57,-1015,108
157670,108,58,-1015,108
157711,109,57,-1015,108
157752,110,57,-1015,108
157794,110,57,-1015,108
157835,109,57,-1015,108
157876,109,58,-1013,108
157917,110,58,-1015,108
157958,110,59,-1014,108
157999,110,58,-1014,108
158040,110,57,-1015,108
158081,110,58,-1015,108
158122,110,57,-1014,108
158163,110,58,-1014,108
158204,111,57,-1016,108
158245,109,58,-1014,108
158286,110,58,-1015,108
158327,110,57,-1015,108
158368,110,58,-1014,108
158409,110,57,-1015,108
158450,110,58,-1015,108
158491,110,57,-1015,108
158532,111,58,-1016,108
158574,109,58,-1014,108
158615,110,58,-1014,108
158656,110,58,-1015,108
158697,108,57,-1015,108
158738,110,58,-1015,108
158780,110,57,-1016,108
158821,110,59,-1014,108
158862,110,57,-1015,108
158903,109,58,-1014,108
158944,111,58,-1016,108
158986,108,58,-1013,108
159027,111,57,-1016,108
159068,110,59,-1014,108
159109,109,56,-1014,108
159150,111,55,-1016,108
159192,112,59,-1016,108
159233,108,58,-1014,108
159274,109,58,-1014,108
159315,112,58,-1015,108
159356,111,57,-1015,108
159398,109,58,-1014,108
159439,111,58,-1015,108
159480,111,59,-1014,108
159521,107,60,-1013,108
159562,110,59,-1015,108
159666,109,58,-1014,108
159763,110,59,-1013,108
159863,111,58,-1015,108
159960,114,57,-1016,108
160060,111,57,-1015,108
160160,110,56,-1015,108
160259,108,57,-1014,108
160360,108,58,-1014,108
160459,110,57,-1015,108
160559,110,57,-1014,108
160657,111,57,-1015,108
160757,111,58,-1016,108
160856,115,55,-1017,108
160952,108,58,-1015,108
161056,107,58,-1014,108
161152,112,57,-1015,108
161251,108,58,-1015,108
161349,111,57,-1015,108
161446,111,57,-1015,108
161545,110,58,-1014,108
161645,108,58,-1013,108
161742,108,58,-1014,108
161841,112,56,-1016,108
161938,110,58,-1014,108
162038,110,56,-1014,108
162138,111,58,-1015,108
162237,108,59,-1014,108
162334,110,57,-1014,108
162431,116,52,-1018,108
162531,109,56,-1016,108
162629,109,56,-1016,108
162728,109,53,-1016,108
162827,107,57,-1016,108
162923,112,56,-1015,108
163023,108,60,-1014,108
163119,104,56,-1015,108
163216,107,57,-1014,108
163314,111,59,-1014,108
163410,110,56,-1016,108
163508,111,56,-1015,108
163604,109,58,-1016,108
163703,106,58,-1014,108
163805,112,56,-1014,108
163902,110,60,-1014,108
164001,107,61,-1012,108
164099,111,57,-1015,108
164196,112,56,-1016,108
164293,107,58,-1014,108
164390,108,55,-1015,108
164490,104,57,-1014,108
164586,110,55,-1015,108
164685,111,57,-1015,108
164784,108,57,-1016,108
164883,106,56,-1014,108
164983,109,56,-1015,108
165080,112,57,-1016,108
165177,112,57,-1016,108
165276,105,58,-1012,108
165374,105,57,-1014,108
165473,109,56,-1015,108
165572,111,59,-1013,108
165670,109,59,-1015,108
165766,111,61,-1014,108
165863,113,58,-1016,108
165962,114,58,-1015,108
166060,106,59,-1013,108
166158,107,59,-1013,108
166255,105,56,-1014,108
166354,99,59,-1011,108
166451,115,58,-1017,108
166548,121,56,-1018,108
166645,115,56,-1017,108
166745,106,58,-1013,108
166843,104,59,-1013,108
166941,112,56,-1016,108
167037,110,56,-1015,108
167135,104,58,-1012,108
167233,103,59,-1011,108
167332,107,57,-1015,108
167431,112,57,-1016,108
167529,114,57,-1016,108
167625,109,57,-1014,108
167723,108,57,-1014,108
167820,105,61,-1012,108
167918,115,57,-1016,108
168017,118,58,-1017,108
168114,114,58,-1016,108
168212,110,58,-1016,108
168313,113,52,-1018,108
168413,105,56,-1014,108
168515,102,59,-1009,108
168613,110,56,-1017,108
168712,112,58,-1014,108
168809,114,56,-1016,108
168907,107,62,-1012,108
169006,110,62,-1012,108
169106,109,59,-1013,108
169202,111,58,-1014,108
169304,105,62,-1012,108
169404,110,58,-1014,108
169503,115,57,-1016,108
169600,112,57,-1016,108
169697,117,57,-1018,108
169795,115,57,-1017,108
169895,110,54,-1017,108
169993,107,57,-1013,108
170092,105,57,-1015,108
170192,103,57,-1012,108
170291,107,56,-1014,108
170389,112,56,-1017,108
170487,119,57,-1018,108
170585,111,59,-1016,108
170683,106,61,-1012,108
170782,109,57,-1014,108
170879,113,58,-1015,108
170978,108,56,-1015,108
171075,109,58,-1016,108
171175,111,57,-1016,108
171272,120,54,-1019,108
171372,111,56,-1016,108
171471,114,57,-1014,108
171571,105,59,-1014,108
171670,107,58,-1013,108
171770,112,57,-1016,108
171870,111,61,-1012,108
171968,112,61,-1015,108
172065,109,58,-1015,108
172164,107,58,-1013,108
172263,108,59,-1012,108
172362,110,56,-1015,108
172461,110,62,-1014,108
172560,116,57,-1017,108
172658,114,60,-1015,108
172759,108,58,-1014,108
172858,109,59,-1014,108
172958,113,58,-1015,108
173056,112,58,-1015,108
173155,111,58,-1014,108
173252,109,59,-1014,108
173356,110,58,-1016,108
173455,110,56,-1014,108
173553,109,57,-1014,108
173652,109,59,-1015,108
173751,111,58,-1014,108
173850,107,59,-1014,108
173949,109,58,-1015,108
174049,114,57,-1016,108
174149,108,61,-1012,108
174248,108,59,-1013,108
174345,116,56,-1016,108
174443,110,59,-1013,108
174542,109,57,-1015,108
174644,110,59,-1016,108
174744,109,58,-1014,108
174843,110,57,-1015,108
174938,110,59,-1016,108
175037,110,57,-1016,108
175135,113,59,-1016,108
175235,114,59,-1016,108
175332,108,61,-1013,108
175430,108,60,-1014,108
175529,107,57,-1015,108
175625,108,57,-1015,108
175724,110,56,-1015,108
175822,107,60,-1012,108
175919,113,57,-1015,108
176018,114,55,-1017,108
176115,109,60,-1012,108
176213,107,57,-1015,108
176309,110,54,-1016,108
176405,118,54,-1019,108
176504,112,58,-1017,108
176603,108,59,-1015,108
176706,108,62,-1014,108
176802,117,56,-1018,108
176904,116,60,-1015,108
177002,116,57,-1017,108
177098,110,57,-1014,108
177197,108,57,-1014,108
177294,110,58,-1015,108
177394,110,58,-1016,108
177493,109,58,-1015,108
177590,111,57,-1015,108
177688,111,59,-1015,108
177787,110,57,-1015,108
177887,110,59,-1014,108
177984,112,59,-1014,108
178083,111,58,-1017,108
178180,112,59,-1014,108
178279,109,59,-1014,108
178377,104,59,-1013,108
178477,109,61,-1011,108
178576,114,58,-1015,108
178675,114,58,-1017,108
178773,111,58,-1016,108
178872,109,57,-1015,108
178970,109,57,-1015,108
179067,114,57,-1017,108
179166,110,58,-1015,108
179266,106,59,-1013,108
179363,109,59,-1012,108
179463,109,58,-1015,108
179562,111,57,-1016,108
179661,102,61,-1013,108
179759,105,58,-1012,108
179857,108,56,-1015,108
179956,114,58,-1017,108
180055,113,57,-1016,108
180155,112,59,-1015,108
180254,103,59,-1013,108
180351,97,60,-1010,108
180450,108,59,-1014,108
180547,118,58,-1016,108
180648,110,58,-1015,108
180746,104,61,-1012,108
180846,107,60,-1013,108
180944,109,58,-1013,108
181044,112,56,-1014,108
181141,111,57,-1016,108
181240,107,58,-1013,108
181337,108,59,-1014,108
181433,109,57,-1015,108
181531,108,58,-1014,108
181628,113,58,-1015,108
181727,115,57,-1016,108
181828,106,60,-1013,108
181927,109,59,-1014,108
182024,109,58,-1013,108
182121,112,58,-1016,108
182220,116,57,-1016,108
182319,115,57,-1017,108
182421,109,58,-1014,108
182519,108,58,-1013,108
182618,109,58,-1014,108
182714,113,57,-1015,108
182813,112,57,-1016,108
182910,110,57,-1015,108
183011,106,56,-1015,108
183110,106,57,-1014,108
183210,111,55,-1015,108
183310,114,55,-1017,108
183409,112,58,-1016,108
183509,111,57,-1014,108
183602,109,57,-1015,108
183702,104,58,-1013,108
183802,107,58,-1014,108
183902,110,56,-1017,108
184000,110,57,-1015,108
184098,109,59,-1013,108
184196,109,59,-1014,108
184293,112,56,-1017,108
184392,111,59,-1015,108
184490,111,58,-1016,108
184589,110,58,-1014,108
184686,108,62,-1012,108
184782,107,62,-1012,108
184881,120,58,-1018,108
184978,113,59,-1014,108
185076,114,57,-1016,108
185175,109,60,-1012,108
185272,107,59,-1012,108
185368,111,58,-1016,108
185468,111,57,-1015,108
185567,117,57,-1017,108
185670,119,57,-1016,108
185768,118,51,-1022,108
185868,112,55,-1016,108
185969,105,58,-1014,108
186065,107,54,-1016,108
186166,112,55,-1016,108
186265,108,54,-1015,108
186364,109,57,-1015,108
186463,116,57,-1018,108
186562,113,58,-1017,108
186662,102,59,-1013,108
186760,105,57,-1012,108
186858,108,58,-1014,108
186955,112,56,-1015,108
187055,116,57,-1017,108
187156,113,57,-1016,108
187253,102,57,-1013,108
187350,109,56,-1016,108
187449,114,57,-1017,108
187546,116,57,-1017,108
187643,112,57,-1016,108
187742,109,58,-1015,108
187840,108,58,-1013,108
187938,111,56,-1016,108
188037,110,56,-1015,108
188137,109,57,-1014,108
188234,110,55,-1017,108
188330,113,56,-1016,108
188431,110,60,-1016,108
188528,112,57,-1015,108
188630,110,55,-1016,108
188727,106,57,-1014,108
188826,110,56,-1015,108
188923,112,56,-1017,108
189021,110,56,-1015,108
189120,108,57,-1014,108
189218,107,59,-1013,108
189318,112,60,-1014,108
189414,115,59,-1016,108
189513,105,57,-1014,108
189613,97,58,-1012,108
189711,107,58,-1013,108
189808,118,57,-1019,108
189905,116,57,-1016,108
190002,111,56,-1016,108
190098,111,57,-1017,108
190197,111,55,-1016,108
190293,113,56,-1017,108
190392,113,54,-1018,108
190491,105,60,-1014,108
190590,108,55,-1016,108
190690,116,54,-1018,108
190790,115,56,-1017,108
190890,110,58,-1016,108
190987,110,58,-1016,108
191086,109,57,-1015,108
191185,106,56,-1016,108
191285,107,57,-1013,108
191383,108,58,-1015,108
191483,108,58,-1015,108
191581,113,59,-1015,108
191679,112,58,-1016,108
191779,109,59,-1014,108
191879,106,62,-1012,108
191975,114,56,-1017,108
192073,115,57,-1018,108
192171,108,57,-1014,108
192269,109,52,-1016,108
192369,109,56,-1016,108
192469,113,56,-1016,108
192568,108,60,-1013,108
192664,109,62,-1013,108
192760,113,59,-1015,108
192860,112,58,-1015,108
192960,108,60,-1014,108
193059,108,57,-1013,108
193156,110,57,-1016,108
193254,110,58,-1014,108
193352,113,58,-1017,108
193450,111,56,-1016,108
193551,119,54,-1019,108
193648,107,56,-1015,108
193747,106,56,-1015,108
193846,108,56,-1014,108
193943,110,56,-1016,108
194042,115,58,-1016,108
194140,111,57,-1014,108
194239,111,57,-1017,108
194335,110,65,-1013,108
194436,105,62,-1011,108
194536,109,58,-1015,108
194634,109,59,-1016,108
194734,112,57,-1016,108
194837,115,57,-1017,108
194934,110,56,-1015,108
195031,105,57,-1014,108
195126,105,52,-1016,108
195223,113,55,-1016,108
195321,121,54,-1018,108
195418,113,56,-1016,108
195516,106,59,-1013,108
195615,108,58,-1013,108
195713,116,56,-1017,108
195812,111,56,-1017,108
195911,100,56,-1012,108
196011,104,59,-1012,108
196110,110,58,-1015,108
196210,110,56,-1017,108
196311,110,58,-1015,108
196408,112,58,-1015,108
196509,117,58,-1016,108
196607,114,59,-1015,108
196707,116,54,-1020,108
196806,104,61,-1014,108
196904,112,59,-1015,108
197001,120,55,-1019,108
197098,107,58,-1014,108
197197,100,62,-1012,108
197295,109,60,-1014,108
197393,115,56,-1017,108
197490,118,56,-1017,108
197589,113,59,-1016,108
197686,113,62,-1014,108
197783,117,56,-1016,108
197880,103,60,-1012,108
197982,106,58,-1013,108
198080,107,60,-1013,108
198179,110,59,-1016,108
198279,112,57,-1015,108
198376,112,58,-1015,108
198475,114,57,-1017,108
198571,110,58,-1016,108
198668,107,57,-1013,108
198769,107,59,-1013,108
198867,109,57,-1015,108
198965,114,57,-1017,108
199063,113,59,-1017,108
199160,108,57,-1015,108
199258,108,58,-1014,108
199355,109,57,-1014,108
199454,111,59,-1014,108
199554,112,57,-1015,108
199652,113,57,-1015,108
199748,110,60,-1015,108
199846,109,57,-1015,108
199943,111,57,-1016,108
200043,109,56,-1015,108
200142,109,57,-1014,108
200242,108,59,-1014,108
200341,113,57,-1017,108
200441,112,55,-1015,108
200537,107,60,-1014,108
200635,110,57,-1015,108
200731,111,57,-1016,108
200830,112,55,-1015,108
200931,110,55,-1016,108
201027,111,59,-1015,108
201128,108,58,-1015,108
201227,110,56,-1016,108
201325,105,59,-1012,108
201425,110,58,-1014,108
201522,114,54,-1018,108
201622,113,55,-1017,108
201722,112,59,-1015,108
201818,121,50,-1020,108
201914,103,61,-1013,108
202012,102,58,-1013,108
202110,107,57,-1016,108
202210,114,57,-1015,108
202306,123,58,-1018,108
202407,115,58,-1016,108
202505,106,60,-1012,108
202603,102,59,-1013,108
202703,107,58,-1015,108
202799,112,58,-1017,108
202897,112,57,-1016,108
202996,108,60,-1014,108
203094,110,55,-1016,108
203190,109,57,-1015,108
203289,108,59,-1014,108
203388,111,57,-1016,108
203487,111,60,-1014,108
203583,110,56,-1015,108
203682,109,58,-1015,108
203778,109,61,-1016,108
203878,116,56,-1016,108
203979,117,57,-1017,108
204076,110,58,-1015,108
204175,104,60,-1013,108
204272,113,57,-1016,108
204372,119,54,-1019,108
204472,116,57,-1016,108
204571,110,57,-1015,108
204670,107,59,-1014,108
204767,107,58,-1014,108
204867,112,58,-1015,108
204964,113,57,-1017,108
205062,109,57,-1015,108
205160,109,58,-1014,108
205256,111,57,-1017,108
205352,110,58,-1015,108
205450,110,58,-1015,108
205545,110,56,-1016,108
205643,110,57,-1016,108
205739,111,58,-1015,108
205838,111,57,-1015,108
205936,110,57,-1015,108
206032,109,58,-1015,108
206131,109,56,-1015,108
206230,110,57,-1015,108
206329,109,57,-1014,108
206427,112,57,-1015,108
206528,109,58,-1014,108
206625,110,57,-1015,108
206723,110,58,-1015,108
206821,109,58,-1015,108
206920,109,58,-1015,108
207020,109,58,-1015,108
207120,109,59,-1014,108
207219,111,58,-1015,108
207320,114,59,-1016,108
207417,109,61,-1014,108
207516,111,59,-1015,108
207614,110,59,-1015,108
207714,111,58,-1015,108
207810,111,59,-1014,108
207910,111,57,-1015,108
208009,109,57,-1015,108
208109,108,58,-1015,108
208206,108,58,-1015,108
208305,109,59,-1014,108
208403,109,58,-1015,108
208503,108,58,-1016,108
208600,109,58,-1014,108
208699,113,56,-1016,108
208799,111,59,-1015,108
208900,112,58,-1015,108
208997,105,56,-1015,108
209096,108,56,-1015,108
209194,114,56,-1017,108
209294,108,57,-1015,108
209392,107,59,-1014,108
209490,106,60,-1014,108
209587,112,54,-1016,108
209687,115,58,-1018,108
209786,107,58,-1015,108
209884,103,58,-1014,108
209984,110,57,-1015,108
210082,113,57,-1016,108
210182,106,59,-1014,108
210286,110,57,-1016,108
210384,114,56,-1017,108
210483,108,60,-1012,108
210580,115,56,-1018,108
210679,109,56,-1016,108
210776,104,59,-1012,108
210873,113,57,-1016,108
210972,107,59,-1015,108
211068,108,58,-1013,108
211169,110,59,-1014,108
211266,110,57,-1016,108
211367,108,59,-1015,108
211466,111,57,-1015,108
211566,112,57,-1016,108
211666,110,58,-1016,108
211763,109,59,-1016,108
211861,110,58,-1015,108
211961,109,58,-1015,108
212056,111,58,-1015,108
212154,109,58,-1014,108
212253,108,58,-1015,108
212352,110,58,-1015,108
212449,113,58,-1017,108
212546,113,59,-1015,108
212643,112,56,-1016,108
212739,108,59,-1013,108
212835,112,58,-1015,108
212934,112,54,-1017,108
213035,110,55,-1015,108
213134,120,50,-1021,108
213233,111,58,-1015,108
213332,112,53,-1018,108
213430,111,57,-1016,108
213529,110,57,-1015,108
213626,108,58,-1012,108
213724,108,57,-1015,108
213821,106,59,-1014,108
213919,114,59,-1016,108
214017,114,58,-1017,108
214116,115,57,-1018,108
214217,109,56,-1016,108
214315,104,58,-1013,108
214413,111,58,-1014,108
214512,112,56,-1016,108
214610,113,57,-1016,108
214709,113,58,-1015,108
214809,112,58,-1015,108
214907,109,59,-1015,108
215008,109,57,-1014,108
215106,109,56,-1015,108
215204,109,57,-1014,108
215303,111,58,-1016,108
215404,111,59,-1015,108
215504,112,58,-1016,108
215603,109,58,-1015,108
215703,111,58,-1015,108
215801,110,57,-1015,108
215898,111,58,-1015,108
215998,115,55,-1017,108
216097,115,57,-1017,108
216196,111,66,-1011,108
216294,116,56,-1016,108
216391,109,58,-1014,108
216491,107,59,-1014,108
216591,110,58,-1015,108
216689,109,57,-1015,108
216788,111,58,-1015,108
216886,110,57,-1016,108
216983,112,57,-1015,108
217081,109,57,-1016,108
217179,109,57,-1015,108
217277,109,58,-1014,108
217374,110,58,-1014,108
217473,110,57,-1015,108
217571,112,58,-1015,108
217669,111,57,-1015,108
217767,111,57,-1015,108
217865,110,58,-1015,108
217963,109,58,-1015,108
218061,110,58,-1015,108
218158,109,58,-1015,108
218255,108,58,-1015,108
218355,110,59,-1014,108
218455,109,59,-1014,108
218554,109,58,-1014,108
218652,110,58,-1015,108
218749,109,58,-1016,108
218848,111,58,-1015,108
218945,112,58,-1015,108
219045,111,57,-1014,108
219143,109,57,-1016,108
219240,110,58,-1015,108
219338,110,57,-1015,108
219439,109,57,-1015,108
219538,110,58,-1014,108
219636,109,58,-1014,108
219735,110,56,-1016,108
219834,110,58,-1014,108
219933,110,58,-1014,108
220032,110,58,-1015,108
220131,110,58,-1015,108
220231,109,59,-1014,108
220332,112,58,-1015,108
220430,112,58,-1015,108
220527,110,57,-1015,108
220626,109,58,-1014,108
220724,110,57,-1014,108
220823,111,57,-1015,108
220922,111,57,-1015,108
221019,110,58,-1014,108
221119,110,59,-1014,108
221217,110,58,-1015,108
221316,109,58,-1015,108
221415,109,58,-1015,108
221514,110,58,-1015,108
221614,110,57,-1014,108
221714,110,57,-1015,108
221814,110,58,-1015,108
221910,110,58,-1015,108
222010,110,58,-1015,108
222109,110,58,-1014,108
222208,108,58,-1015,108
222306,110,58,-1014,108
222406,109,57,-1013,108
222502,111,58,-1015,108
222604,110,58,-1015,108
222702,112,58,-1015,108
222801,110,57,-1015,108
222899,110,58,-1014,108
222998,110,58,-1015,108
223097,110,59,-1015,108
223196,111,57,-1015,108
223293,111,57,-1016,108
223391,112,58,-1016,108
223489,110,57,-1014,108
223587,111,58,-1015,108
223687,110,58,-1015,108
223784,110,58,-1016,108
223884,110,57,-1016,108
223981,110,58,-1015,108
224081,110,58,-1015,108
224179,111,57,-1015,108
224277,111,56,-1016,108
224378,110,56,-1015,108
224477,111,58,-1015,108
224578,112,56,-1016,108
224679,112,56,-1015,108
224777,111,57,-1016,108
224876,109,56,-1015,108
224972,109,57,-1015,108
225071,111,56,-1016,108
225171,111,58,-1016,108
225267,110,60,-1014,108
225365,110,59,-1014,108
225462,111,59,-1014,108
225559,112,58,-1014,108
225661,109,58,-1014,108
225759,110,58,-1015,108
225857,111,59,-1015,108
225956,111,59,-1015,108
226055,111,58,-1014,108
226152,111,57,-1014,108
226250,110,58,-1015,108
226347,110,57,-1014,108
226445,110,57,-1015,108
226543,112,58,-1014,108
226641,112,56,-1016,108
226739,110,57,-1015,108
226838,110,57,-1014,108
226935,109,57,-1015,108
227035,110,56,-1015,108
227133,111,57,-1015,108
227232,111,57,-1016,108
227330,110,57,-1015,108
227428,110,58,-1014,108
227526,110,56,-1016,108
227624,111,57,-1015,108
227724,111,58,-1015,108
227820,110,58,-1015,108
227917,110,59,-1014,108
228016,111,57,-1015,108
228111,111,58,-1014,108
228208,113,58,-1016,108
228306,112,57,-1015,108
228404,110,59,-1015,108
228502,110,58,-1015,108
228602,110,58,-1014,108
228701,111,58,-1015,108
228801,110,57,-1014,108
228902,110,57,-1015,108
228998,110,58,-1014,108
229095,109,57,-1015,108
229194,110,58,-1015,108
229293,111,58,-1014,108
229392,111,58,-1014,108
229491,110,59,-1014,108
229591,110,58,-1015,108
229690,111,57,-1014,108
229790,111,57,-1016,108
229891,109,59,-1014,108
229992,111,58,-1015,108
230090,111,57,-1015,108
230188,110,58,-1015,108
230288,110,58,-1014,108
230384,110,58,-1015,108
